mcu,core,clock_mhz,flash_kb,ram_kb,latency_budget_us,variant,keygen_cycles,encap_cycles,decap_cycles,keygen_us,encap_us,decap_us,keygen_stddev_us,encap_stddev_us,decap_stddev_us,verification_status,recommended_variant
STM32H743VIT6,Cortex-M7,320,2048,1024,2000,ML-KEM-1024,989019,1116602,1311439,3090,3489,4098,12,13,16,PASS,ML-KEM-512
STM32F103C8T6,Cortex-M3,64,64,20,3000,ML-KEM-1024,OOM,OOM,OOM,OOM,OOM,OOM,108,122,144,OOM,UNSUPPORTED
STM32H753ZIT6,Cortex-M7,384,2048,1024,20000,ML-KEM-512,377758,449909,562859,983,1171,1465,1,2,2,PASS,ML-KEM-1024
STM32F103C8T6,Cortex-M3,64,64,20,50000,ML-KEM-1024,OOM,OOM,OOM,OOM,OOM,OOM,105,119,140,OOM,ML-KEM-768
STM32F103C8T6,Cortex-M3,86,64,20,20000,ML-KEM-512,444095,528917,661701,5163,6150,7694,20,24,30,PASS,ML-KEM-768
STM32F407VGT6,Cortex-M4,134,1024,192,5000,ML-KEM-1024,1109554,1252686,1471268,8280,9348,10979,41,46,54,PASS,ML-KEM-512
STM32F407VGT6,Cortex-M4,151,1024,192,8000,ML-KEM-768,698175,818261,987917,4623,5418,6542,13,16,19,PASS,ML-KEM-768
STM32F411CEU6,Cortex-M4,80,512,128,15000,ML-KEM-768,712407,834941,1008055,8905,10436,12600,26,31,37,PASS,ML-KEM-768
ESP32-C3,RISC-V RV32,128,4096,400,30000,ML-KEM-1024,4708266,5315632,6243160,36783,41528,48774,294,332,390,PASS,ML-KEM-512
ESP32-WROOM,Xtensa LX6,264,4096,520,3000,ML-KEM-1024,3619804,4086758,4799860,13711,15480,18181,109,123,145,PASS,UNSUPPORTED
STM32H743VIT6,Cortex-M7,480,2048,1024,15000,ML-KEM-1024,985716,1112873,1307059,2053,2318,2723,8,9,10,PASS,ML-KEM-1024
RP2040,Cortex-M0+,106,2048,264,8000,ML-KEM-768,813488,953407,1151085,7674,8994,10859,38,44,54,PASS,ML-KEM-512
CH32V307,RISC-V RV32,129,256,64,3000,ML-KEM-768,3013001,3531237,4263396,23356,27373,33049,116,136,165,PASS,UNSUPPORTED
STM32H743VIT6,Cortex-M7,400,2048,1024,5000,ML-KEM-768,631323,739910,893322,1578,1849,2233,3,3,4,PASS,ML-KEM-1024
STM32H743VIT6,Cortex-M7,400,2048,1024,3000,ML-KEM-1024,1003388,1132825,1330492,2508,2832,3326,10,11,13,PASS,ML-KEM-768
STM32H753ZIT6,Cortex-M7,432,2048,1024,5000,ML-KEM-768,631938,740631,894192,1462,1714,2069,2,3,4,PASS,ML-KEM-1024
ESP32-WROOM,Xtensa LX6,288,4096,520,8000,ML-KEM-1024,3624345,4091885,4805881,12584,14207,16687,100,113,133,PASS,ML-KEM-512
ESP32-C3,RISC-V RV32,128,4096,400,8000,ML-KEM-512,1872573,2230234,2790133,14629,17423,21797,73,87,108,PASS,UNSUPPORTED
STM32F411CEU6,Cortex-M4,100,512,128,3000,ML-KEM-512,438211,521909,652934,4382,5219,6529,13,15,19,PASS,UNSUPPORTED
i.MX RT1060,Cortex-M7,600,4096,1024,8000,ML-KEM-1024,997969,1126707,1323306,1663,1877,2205,6,7,8,PASS,ML-KEM-1024
ESP32-WROOM,Xtensa LX6,264,4096,520,5000,ML-KEM-768,2296413,2691396,3249424,8698,10194,12308,43,50,61,PASS,UNSUPPORTED
SiFive HiFive1,RISC-V FE310,384,16384,16,50000,ML-KEM-768,OOM,OOM,OOM,OOM,OOM,OOM,72,85,103,OOM,ML-KEM-512
STM32F411CEU6,Cortex-M4,120,512,128,20000,ML-KEM-768,701498,822155,992619,5845,6851,8271,17,20,24,PASS,ML-KEM-1024
SAMD21G18,Cortex-M0+,57,256,32,30000,ML-KEM-512,489962,583544,730043,8595,10237,12807,42,51,64,PASS,ML-KEM-1024
CH32V307,RISC-V RV32,115,256,64,5000,ML-KEM-1024,4714988,5323221,6252074,40999,46288,54365,327,370,434,PASS,UNSUPPORTED
STM32H743VIT6,Cortex-M7,440,2048,1024,3000,ML-KEM-768,631993,740695,894270,1436,1683,2032,2,3,4,PASS,ML-KEM-768
MSP432P401R,Cortex-M4,57,256,64,10000,ML-KEM-1024,1129061,1274709,1497134,19808,22363,26265,99,111,131,PASS,UNSUPPORTED
STM32F072RBT6,Cortex-M0,38,128,16,50000,ML-KEM-768,OOM,OOM,OOM,OOM,OOM,OOM,110,129,156,OOM,ML-KEM-512
nRF52840,Cortex-M4,51,1024,256,10000,ML-KEM-768,699763,820122,990164,13720,16080,19414,41,48,58,PASS,UNSUPPORTED
STM32F072RBT6,Cortex-M0,48,128,16,50000,ML-KEM-512,505787,602392,753622,10537,12549,15700,52,62,78,PASS,ML-KEM-512
RP2040,Cortex-M0+,133,2048,264,50000,ML-KEM-1024,1190487,1344059,1578585,8951,10105,11869,71,80,94,PASS,ML-KEM-1024
nRF52840,Cortex-M4,57,1024,256,50000,ML-KEM-1024,1131631,1277611,1500542,19853,22414,26325,99,112,131,PASS,ML-KEM-1024
i.MX RT1060,Cortex-M7,600,4096,1024,30000,ML-KEM-512,379022,451415,564742,631,752,941,1,1,1,PASS,ML-KEM-1024
nRF52840,Cortex-M4,64,1024,256,8000,ML-KEM-512,426619,508103,635662,6665,7939,9932,19,23,29,PASS,UNSUPPORTED
i.MX RT1060,Cortex-M7,480,4096,1024,3000,ML-KEM-1024,997440,1126109,1322605,2078,2346,2755,8,9,11,PASS,ML-KEM-1024
RP2040,Cortex-M0+,159,2048,264,5000,ML-KEM-512,488099,581325,727267,3069,3656,4574,15,18,22,PASS,ML-KEM-512
STM32H753ZIT6,Cortex-M7,432,2048,1024,10000,ML-KEM-1024,1012867,1143526,1343061,2344,2647,3108,9,10,12,PASS,ML-KEM-1024
STM32F411CEU6,Cortex-M4,90,512,128,50000,ML-KEM-1024,1121452,1266119,1487045,12460,14067,16522,62,70,82,PASS,ML-KEM-1024
SiFive HiFive1,RISC-V FE310,320,16384,16,20000,ML-KEM-1024,OOM,OOM,OOM,OOM,OOM,OOM,218,246,289,OOM,ML-KEM-512
MSP432P401R,Cortex-M4,57,256,64,30000,ML-KEM-512,426741,508248,635844,7486,8916,11155,22,26,33,PASS,ML-KEM-1024
RP2040,Cortex-M0+,133,2048,264,2000,ML-KEM-1024,1207599,1363379,1601276,9079,10250,12039,72,82,96,PASS,UNSUPPORTED
i.MX RT1060,Cortex-M7,540,4096,1024,2000,ML-KEM-512,388200,462346,578418,718,856,1071,1,1,2,PASS,ML-KEM-768
STM32F072RBT6,Cortex-M0,43,128,16,3000,ML-KEM-512,512905,610869,764228,11928,14206,17772,59,71,88,PASS,UNSUPPORTED
RP2040,Cortex-M0+,159,2048,264,8000,ML-KEM-768,803393,941576,1136801,5052,5921,7149,25,29,35,PASS,ML-KEM-768
STM32F103C8T6,Cortex-M3,86,64,20,5000,ML-KEM-1024,OOM,OOM,OOM,OOM,OOM,OOM,81,92,108,OOM,UNSUPPORTED
i.MX RT1060,Cortex-M7,720,4096,1024,30000,ML-KEM-512,389383,463755,580180,540,644,805,1,1,1,PASS,ML-KEM-1024
ESP32-C3,RISC-V RV32,176,4096,400,8000,ML-KEM-512,1820172,2167824,2712056,10341,12317,15409,51,61,77,PASS,UNSUPPORTED
STM32F411CEU6,Cortex-M4,100,512,128,20000,ML-KEM-768,708528,830394,1002567,7085,8303,10025,21,24,30,PASS,ML-KEM-1024
SiFive HiFive1,RISC-V FE310,256,16384,16,3000,ML-KEM-512,3357749,3999079,5003046,13116,15621,19543,65,78,97,PASS,UNSUPPORTED
nRF52840,Cortex-M4,51,1024,256,8000,ML-KEM-512,425746,507063,634361,8347,9942,12438,25,29,37,PASS,UNSUPPORTED
MSP432P401R,Cortex-M4,43,256,64,20000,ML-KEM-512,427269,508877,636630,9936,11834,14805,29,35,44,PASS,ML-KEM-512
STM32F103C8T6,Cortex-M3,57,64,20,30000,ML-KEM-1024,OOM,OOM,OOM,OOM,OOM,OOM,119,134,157,OOM,ML-KEM-768
STM32H743VIT6,Cortex-M7,480,2048,1024,2000,ML-KEM-512,391566,466355,583433,815,971,1215,1,1,2,PASS,ML-KEM-768
CH32V307,RISC-V RV32,129,256,64,5000,ML-KEM-768,3038253,3560832,4299127,23552,27603,33326,117,138,166,PASS,UNSUPPORTED
STM32F103C8T6,Cortex-M3,79,64,20,2000,ML-KEM-512,442845,527428,659839,5605,6676,8352,22,26,33,PASS,UNSUPPORTED
STM32F411CEU6,Cortex-M4,100,512,128,30000,ML-KEM-768,707279,828930,1000799,7072,8289,10007,21,24,30,PASS,ML-KEM-1024
SiFive HiFive1,RISC-V FE310,384,16384,16,30000,ML-KEM-512,3329067,3964918,4960309,8669,10325,12917,43,51,64,PASS,ML-KEM-512
STM32F103C8T6,Cortex-M3,57,64,20,50000,ML-KEM-512,449413,535250,669625,7884,9390,11747,31,37,46,PASS,ML-KEM-768
STM32F072RBT6,Cortex-M0,38,128,16,30000,ML-KEM-1024,OOM,OOM,OOM,OOM,OOM,OOM,269,303,356,OOM,ML-KEM-512
STM32H753ZIT6,Cortex-M7,432,2048,1024,2000,ML-KEM-1024,981238,1107817,1301121,2271,2564,3011,9,10,12,PASS,ML-KEM-512
SAMD21G18,Cortex-M0+,38,256,32,3000,ML-KEM-1024,1222439,1380133,1620954,32169,36319,42656,257,290,341,PASS,UNSUPPORTED
STM32F411CEU6,Cortex-M4,80,512,128,8000,ML-KEM-1024,1117207,1261326,1481416,13965,15766,18517,69,78,92,PASS,UNSUPPORTED
i.MX RT1060,Cortex-M7,480,4096,1024,20000,ML-KEM-1024,1001340,1130512,1327776,2086,2355,2766,8,9,11,PASS,ML-KEM-1024
STM32H753ZIT6,Cortex-M7,480,2048,1024,10000,ML-KEM-512,387613,461647,577543,807,961,1203,1,1,2,PASS,ML-KEM-1024
nRF52840,Cortex-M4,57,1024,256,10000,ML-KEM-768,698988,819213,989068,12262,14372,17352,36,43,52,PASS,UNSUPPORTED
STM32H743VIT6,Cortex-M7,400,2048,1024,30000,ML-KEM-768,645897,756991,913944,1614,1892,2284,3,3,4,PASS,ML-KEM-1024
ESP32-WROOM,Xtensa LX6,192,4096,520,2000,ML-KEM-768,2341292,2743994,3312928,12194,14291,17254,60,71,86,PASS,UNSUPPORTED
i.MX RT1060,Cortex-M7,480,4096,1024,3000,ML-KEM-1024,986549,1113813,1308163,2055,2320,2725,8,9,10,PASS,ML-KEM-1024
STM32F407VGT6,Cortex-M4,151,1024,192,15000,ML-KEM-512,437627,521213,652064,2898,3451,4318,8,10,12,PASS,ML-KEM-1024
nRF52840,Cortex-M4,64,1024,256,5000,ML-KEM-768,718935,842591,1017293,11233,13165,15895,33,39,47,PASS,UNSUPPORTED
SiFive HiFive1,RISC-V FE310,320,16384,16,50000,ML-KEM-512,3393513,4041673,5056334,10604,12630,15801,53,63,79,PASS,ML-KEM-512
STM32H753ZIT6,Cortex-M7,480,2048,1024,3000,ML-KEM-512,381372,454214,568244,794,946,1183,1,1,2,PASS,ML-KEM-1024
ESP32-WROOM,Xtensa LX6,192,4096,520,50000,ML-KEM-512,1407069,1675819,2096532,7328,8728,10919,36,43,54,PASS,ML-KEM-1024
i.MX RT1060,Cortex-M7,540,4096,1024,15000,ML-KEM-512,387887,461973,577951,718,855,1070,1,1,2,PASS,ML-KEM-1024
CH32V307,RISC-V RV32,144,256,64,50000,ML-KEM-768,3009736,3527410,4258776,20900,24495,29574,104,122,147,PASS,ML-KEM-1024
ESP32-WROOM,Xtensa LX6,192,4096,520,3000,ML-KEM-1024,3638842,4108252,4825104,18952,21397,25130,151,171,201,PASS,UNSUPPORTED
STM32F407VGT6,Cortex-M4,134,1024,192,2000,ML-KEM-768,717157,840508,1014777,5351,6272,7572,16,18,22,PASS,UNSUPPORTED
STM32H743VIT6,Cortex-M7,400,2048,1024,5000,ML-KEM-1024,995678,1124120,1320269,2489,2810,3300,9,11,13,PASS,ML-KEM-1024
SiFive HiFive1,RISC-V FE310,352,16384,16,50000,ML-KEM-512,3318546,3952388,4944633,9427,11228,14047,47,56,70,PASS,ML-KEM-512
ESP32-WROOM,Xtensa LX6,216,4096,520,50000,ML-KEM-512,1439004,1713853,2144115,6662,7934,9926,33,39,49,PASS,ML-KEM-1024
i.MX RT1060,Cortex-M7,720,4096,1024,5000,ML-KEM-768,625537,733129,885134,868,1018,1229,1,2,2,PASS,ML-KEM-1024
STM32F407VGT6,Cortex-M4,168,1024,192,2000,ML-KEM-768,701236,821848,992248,4174,4891,5906,12,14,17,PASS,UNSUPPORTED
STM32F103C8T6,Cortex-M3,57,64,20,15000,ML-KEM-1024,OOM,OOM,OOM,OOM,OOM,OOM,122,138,162,OOM,ML-KEM-512
STM32F411CEU6,Cortex-M4,120,512,128,5000,ML-KEM-512,437375,520913,651688,3644,4340,5430,10,13,16,PASS,UNSUPPORTED
ESP32-C3,RISC-V RV32,144,4096,400,20000,ML-KEM-512,1826272,2175089,2721145,12682,15104,18896,63,75,94,PASS,ML-KEM-512
ESP32-WROOM,Xtensa LX6,240,4096,520,20000,ML-KEM-1024,3703153,4180859,4910380,15429,17420,20459,123,139,163,PASS,ML-KEM-768
ESP32-C3,RISC-V RV32,144,4096,400,10000,ML-KEM-512,1871265,2228676,2788184,12994,15476,19362,64,77,96,PASS,UNSUPPORTED
RP2040,Cortex-M0+,146,2048,264,2000,ML-KEM-768,789140,924872,1116633,5405,6334,7648,27,31,38,PASS,UNSUPPORTED
CH32V307,RISC-V RV32,158,256,64,15000,ML-KEM-768,3078977,3608561,4356752,19487,22838,27574,97,114,137,PASS,UNSUPPORTED
CH32V307,RISC-V RV32,129,256,64,8000,ML-KEM-512,1861842,2217453,2774144,14432,17189,21504,72,85,107,PASS,UNSUPPORTED
STM32F411CEU6,Cortex-M4,100,512,128,10000,ML-KEM-512,439138,523013,654315,4391,5230,6543,13,15,19,PASS,ML-KEM-512
STM32F407VGT6,Cortex-M4,168,1024,192,50000,ML-KEM-768,714558,837461,1011099,4253,4984,6018,12,14,18,PASS,ML-KEM-1024
CH32V307,RISC-V RV32,172,256,64,15000,ML-KEM-512,1821535,2169448,2714087,10590,12613,15779,52,63,78,PASS,UNSUPPORTED
STM32F407VGT6,Cortex-M4,151,1024,192,10000,ML-KEM-512,424335,505382,632259,2810,3346,4187,8,10,12,PASS,ML-KEM-1024
STM32F411CEU6,Cortex-M4,100,512,128,15000,ML-KEM-768,712478,835024,1008156,7124,8350,10081,21,25,30,PASS,ML-KEM-1024
STM32H753ZIT6,Cortex-M7,384,2048,1024,20000,ML-KEM-1024,985627,1112772,1306941,2566,2897,3403,10,11,13,PASS,ML-KEM-1024
STM32F072RBT6,Cortex-M0,52,128,16,2000,ML-KEM-1024,OOM,OOM,OOM,OOM,OOM,OOM,196,222,260,OOM,UNSUPPORTED
STM32H753ZIT6,Cortex-M7,432,2048,1024,15000,ML-KEM-768,624077,731418,883068,1444,1693,2044,2,3,4,PASS,ML-KEM-1024
STM32H743VIT6,Cortex-M7,400,2048,1024,15000,ML-KEM-1024,1011892,1142426,1341768,2529,2856,3354,10,11,13,PASS,ML-KEM-1024
SiFive HiFive1,RISC-V FE310,320,16384,16,50000,ML-KEM-768,OOM,OOM,OOM,OOM,OOM,OOM,87,102,123,OOM,ML-KEM-512
nRF52840,Cortex-M4,70,1024,256,10000,ML-KEM-1024,1096406,1237842,1453834,15662,17683,20769,78,88,103,PASS,ML-KEM-512
STM32F411CEU6,Cortex-M4,110,512,128,5000,ML-KEM-1024,1116076,1260049,1479916,10146,11454,13453,50,57,67,PASS,UNSUPPORTED
STM32F411CEU6,Cortex-M4,120,512,128,2000,ML-KEM-768,703416,824403,995333,5861,6870,8294,17,20,24,PASS,UNSUPPORTED
STM32F411CEU6,Cortex-M4,120,512,128,15000,ML-KEM-768,707811,829554,1001552,5898,6912,8346,17,20,25,PASS,ML-KEM-1024
STM32H743VIT6,Cortex-M7,360,2048,1024,50000,ML-KEM-768,642460,752963,909080,1784,2091,2525,3,4,5,PASS,ML-KEM-1024
ESP32-C3,RISC-V RV32,144,4096,400,3000,ML-KEM-768,3041878,3565081,4304257,21124,24757,29890,105,123,149,PASS,UNSUPPORTED
STM32H743VIT6,Cortex-M7,480,2048,1024,15000,ML-KEM-512,389903,464374,580955,812,967,1210,1,1,2,PASS,ML-KEM-1024
ESP32-C3,RISC-V RV32,144,4096,400,10000,ML-KEM-512,1872685,2230367,2790300,13004,15488,19377,65,77,96,PASS,UNSUPPORTED
SAMD21G18,Cortex-M0+,38,256,32,2000,ML-KEM-512,494388,588816,736638,13010,15495,19385,65,77,96,PASS,UNSUPPORTED
i.MX RT1060,Cortex-M7,480,4096,1024,30000,ML-KEM-768,644807,755713,912401,1343,1574,1900,2,3,3,PASS,ML-KEM-1024
i.MX RT1060,Cortex-M7,540,4096,1024,20000,ML-KEM-768,632451,741232,894918,1171,1372,1657,2,2,3,PASS,ML-KEM-1024
SAMD21G18,Cortex-M0+,38,256,32,3000,ML-KEM-768,789025,924737,1116470,20763,24335,29380,103,121,146,PASS,UNSUPPORTED
ESP32-C3,RISC-V RV32,192,4096,400,30000,ML-KEM-512,1854248,2208409,2762829,9657,11502,14389,48,57,71,PASS,ML-KEM-768
ESP32-WROOM,Xtensa LX6,192,4096,520,30000,ML-KEM-512,1437120,1711609,2141308,7485,8914,11152,37,44,55,PASS,ML-KEM-1024
STM32H743VIT6,Cortex-M7,480,2048,1024,50000,ML-KEM-1024,990706,1118507,1313676,2063,2330,2736,8,9,10,PASS,ML-KEM-1024
ESP32-C3,RISC-V RV32,176,4096,400,50000,ML-KEM-768,3080197,3609990,4358478,17501,20511,24764,87,102,123,PASS,ML-KEM-1024
STM32H753ZIT6,Cortex-M7,528,2048,1024,5000,ML-KEM-1024,1012430,1143033,1342482,1917,2164,2542,7,8,10,PASS,ML-KEM-1024
MSP432P401R,Cortex-M4,48,256,64,8000,ML-KEM-1024,1103085,1245382,1462690,22980,25945,30472,114,129,152,PASS,UNSUPPORTED
ESP32-C3,RISC-V RV32,192,4096,400,30000,ML-KEM-1024,4730143,5340331,6272169,24636,27814,32667,197,222,261,PASS,ML-KEM-768
MSP432P401R,Cortex-M4,38,256,64,10000,ML-KEM-512,427151,508736,636454,11240,13387,16748,33,40,50,PASS,UNSUPPORTED
nRF52840,Cortex-M4,76,1024,256,3000,ML-KEM-512,425067,506254,633349,5592,6661,8333,16,19,24,PASS,UNSUPPORTED
STM32F411CEU6,Cortex-M4,90,512,128,8000,ML-KEM-512,429620,511677,640133,4773,5685,7112,14,17,21,PASS,ML-KEM-512
nRF52840,Cortex-M4,76,1024,256,30000,ML-KEM-768,697041,816932,986313,9171,10749,12977,27,32,38,PASS,ML-KEM-1024
CH32V307,RISC-V RV32,158,256,64,20000,ML-KEM-1024,4865287,5492909,6451370,30792,34765,40831,246,278,326,PASS,ML-KEM-512
STM32F072RBT6,Cortex-M0,57,128,16,20000,ML-KEM-768,OOM,OOM,OOM,OOM,OOM,OOM,71,83,101,OOM,ML-KEM-512
nRF52840,Cortex-M4,64,1024,256,20000,ML-KEM-768,710548,832762,1005425,11102,13011,15709,33,39,47,PASS,ML-KEM-768
SiFive HiFive1,RISC-V FE310,384,16384,16,8000,ML-KEM-768,OOM,OOM,OOM,OOM,OOM,OOM,71,83,100,OOM,UNSUPPORTED
STM32F411CEU6,Cortex-M4,110,512,128,2000,ML-KEM-768,704813,826040,997310,6407,7509,9066,19,22,27,PASS,UNSUPPORTED
STM32H743VIT6,Cortex-M7,440,2048,1024,5000,ML-KEM-768,645656,756708,913603,1467,1719,2076,2,3,4,PASS,ML-KEM-1024
i.MX RT1060,Cortex-M7,720,4096,1024,2000,ML-KEM-768,637334,746955,901827,885,1037,1252,1,2,2,PASS,ML-KEM-1024
STM32H743VIT6,Cortex-M7,320,2048,1024,3000,ML-KEM-1024,995150,1123524,1319568,3109,3511,4123,12,14,16,PASS,ML-KEM-768
CH32V307,RISC-V RV32,158,256,64,5000,ML-KEM-512,1832251,2182210,2730053,11596,13811,17278,57,69,86,PASS,UNSUPPORTED
nRF52840,Cortex-M4,57,1024,256,30000,ML-KEM-768,704852,826086,997365,12365,14492,17497,37,43,52,PASS,ML-KEM-1024
ESP32-WROOM,Xtensa LX6,264,4096,520,10000,ML-KEM-768,2306911,2703699,3264279,8738,10241,12364,43,51,61,PASS,ML-KEM-512
RP2040,Cortex-M0+,146,2048,264,2000,ML-KEM-1024,1206899,1362588,1600348,8266,9332,10961,66,74,87,PASS,UNSUPPORTED
nRF52840,Cortex-M4,57,1024,256,3000,ML-KEM-1024,1092532,1233468,1448697,19167,21639,25415,95,108,127,PASS,UNSUPPORTED
STM32F072RBT6,Cortex-M0,43,128,16,8000,ML-KEM-512,508086,605130,757048,11815,14072,17605,59,70,88,PASS,UNSUPPORTED
STM32F103C8T6,Cortex-M3,64,64,20,30000,ML-KEM-1024,OOM,OOM,OOM,OOM,OOM,OOM,106,119,140,OOM,ML-KEM-768
STM32F103C8T6,Cortex-M3,79,64,20,10000,ML-KEM-768,722272,846502,1022014,9142,10715,12936,36,42,51,PASS,ML-KEM-512
i.MX RT1060,Cortex-M7,480,4096,1024,5000,ML-KEM-768,625045,732552,884438,1302,1526,1842,2,3,3,PASS,ML-KEM-1024
STM32F072RBT6,Cortex-M0,48,128,16,20000,ML-KEM-768,OOM,OOM,OOM,OOM,OOM,OOM,88,103,124,OOM,ML-KEM-512
STM32F103C8T6,Cortex-M3,57,64,20,8000,ML-KEM-512,448510,534175,668279,7868,9371,11724,31,37,46,PASS,UNSUPPORTED
STM32F407VGT6,Cortex-M4,201,1024,192,3000,ML-KEM-1024,1125582,1270782,1492521,5599,6322,7425,27,31,37,PASS,UNSUPPORTED
nRF52840,Cortex-M4,76,1024,256,20000,ML-KEM-1024,1107237,1250070,1468196,14568,16448,19318,72,82,96,PASS,ML-KEM-1024
STM32H753ZIT6,Cortex-M7,480,2048,1024,2000,ML-KEM-768,643187,753815,910109,1339,1570,1896,2,3,3,PASS,ML-KEM-768
RP2040,Cortex-M0+,146,2048,264,15000,ML-KEM-1024,1223873,1381752,1622855,8382,9464,11115,67,75,88,PASS,ML-KEM-1024
MSP432P401R,Cortex-M4,43,256,64,20000,ML-KEM-512,435119,518226,648327,10119,12051,15077,30,36,45,PASS,ML-KEM-512
STM32H743VIT6,Cortex-M7,400,2048,1024,50000,ML-KEM-768,634107,743173,897261,1585,1857,2243,3,3,4,PASS,ML-KEM-1024
CH32V307,RISC-V RV32,172,256,64,10000,ML-KEM-768,3082768,3613004,4362116,17923,21005,25361,89,105,126,PASS,UNSUPPORTED
CH32V307,RISC-V RV32,115,256,64,10000,ML-KEM-768,3008853,3526375,4257526,26163,30664,37021,130,153,185,PASS,UNSUPPORTED
MSP432P401R,Cortex-M4,57,256,64,20000,ML-KEM-768,696089,815816,984965,12212,14312,17280,36,42,51,PASS,ML-KEM-768
CH32V307,RISC-V RV32,144,256,64,5000,ML-KEM-768,3004993,3521851,4252065,20868,24457,29528,104,122,147,PASS,UNSUPPORTED
ESP32-C3,RISC-V RV32,160,4096,400,15000,ML-KEM-768,3086246,3617080,4367038,19289,22606,27293,96,113,136,PASS,UNSUPPORTED
SiFive HiFive1,RISC-V FE310,320,16384,16,50000,ML-KEM-512,3373121,4017387,5025950,10541,12554,15706,52,62,78,PASS,ML-KEM-512
STM32F103C8T6,Cortex-M3,57,64,20,8000,ML-KEM-1024,OOM,OOM,OOM,OOM,OOM,OOM,120,136,159,OOM,UNSUPPORTED
STM32H753ZIT6,Cortex-M7,432,2048,1024,30000,ML-KEM-1024,1006456,1136288,1334560,2329,2630,3089,9,10,12,PASS,ML-KEM-1024
MSP432P401R,Cortex-M4,38,256,64,3000,ML-KEM-768,701563,822231,992711,18462,21637,26123,55,64,78,PASS,UNSUPPORTED
SiFive HiFive1,RISC-V FE310,288,16384,16,10000,ML-KEM-1024,OOM,OOM,OOM,OOM,OOM,OOM,242,273,321,OOM,UNSUPPORTED
MSP432P401R,Cortex-M4,57,256,64,50000,ML-KEM-768,707349,829013,1000898,12409,14544,17559,37,43,52,PASS,ML-KEM-1024
SiFive HiFive1,RISC-V FE310,384,16384,16,15000,ML-KEM-768,OOM,OOM,OOM,OOM,OOM,OOM,72,85,102,OOM,ML-KEM-512
STM32F407VGT6,Cortex-M4,168,1024,192,10000,ML-KEM-512,424546,505634,632573,2527,3009,3765,7,9,11,PASS,ML-KEM-1024
STM32F103C8T6,Cortex-M3,72,64,20,3000,ML-KEM-1024,OOM,OOM,OOM,OOM,OOM,OOM,95,108,127,OOM,UNSUPPORTED
ESP32-C3,RISC-V RV32,144,4096,400,8000,ML-KEM-512,1867656,2224378,2782807,12969,15447,19325,64,77,96,PASS,UNSUPPORTED
STM32F407VGT6,Cortex-M4,201,1024,192,50000,ML-KEM-1024,1103339,1245669,1463027,5489,6197,7278,27,30,36,PASS,ML-KEM-1024
RP2040,Cortex-M0+,119,2048,264,10000,ML-KEM-512,482301,574420,718628,4052,4827,6038,20,24,30,PASS,ML-KEM-768
STM32F407VGT6,Cortex-M4,134,1024,192,50000,ML-KEM-512,427196,508790,636522,3188,3796,4750,9,11,14,PASS,ML-KEM-1024
STM32F072RBT6,Cortex-M0,57,128,16,10000,ML-KEM-1024,OOM,OOM,OOM,OOM,OOM,OOM,179,202,238,OOM,UNSUPPORTED
STM32H743VIT6,Cortex-M7,440,2048,1024,3000,ML-KEM-512,386140,459892,575348,877,1045,1307,1,2,2,PASS,ML-KEM-768
MSP432P401R,Cortex-M4,52,256,64,30000,ML-KEM-768,700506,820993,991215,13471,15788,19061,40,47,57,PASS,ML-KEM-1024
STM32F072RBT6,Cortex-M0,48,128,16,30000,ML-KEM-512,512146,609965,763097,10669,12707,15897,53,63,79,PASS,ML-KEM-512
STM32F411CEU6,Cortex-M4,110,512,128,3000,ML-KEM-1024,1118762,1263082,1483478,10170,11482,13486,50,57,67,PASS,UNSUPPORTED
STM32F072RBT6,Cortex-M0,43,128,16,5000,ML-KEM-1024,OOM,OOM,OOM,OOM,OOM,OOM,238,268,315,OOM,UNSUPPORTED
RP2040,Cortex-M0+,119,2048,264,3000,ML-KEM-1024,1217746,1374835,1614731,10233,11553,13569,81,92,108,PASS,UNSUPPORTED
i.MX RT1060,Cortex-M7,720,4096,1024,8000,ML-KEM-1024,993224,1121349,1317015,1379,1557,1829,5,6,7,PASS,ML-KEM-1024
ESP32-WROOM,Xtensa LX6,264,4096,520,10000,ML-KEM-1024,3721544,4201623,4934767,14096,15915,18692,112,127,149,PASS,ML-KEM-512
STM32F407VGT6,Cortex-M4,201,1024,192,2000,ML-KEM-1024,1133484,1279703,1502999,5639,6366,7477,28,31,37,PASS,UNSUPPORTED
RP2040,Cortex-M0+,119,2048,264,8000,ML-KEM-768,803120,941256,1136414,6748,7909,9549,33,39,47,PASS,ML-KEM-512
SAMD21G18,Cortex-M0+,43,256,32,5000,ML-KEM-1024,1184518,1337320,1570670,27546,31100,36527,220,248,292,PASS,UNSUPPORTED
STM32F072RBT6,Cortex-M0,52,128,16,30000,ML-KEM-1024,OOM,OOM,OOM,OOM,OOM,OOM,194,219,257,OOM,ML-KEM-512
STM32F407VGT6,Cortex-M4,134,1024,192,8000,ML-KEM-768,715337,838374,1012201,5338,6256,7553,16,18,22,PASS,ML-KEM-768
SiFive HiFive1,RISC-V FE310,352,16384,16,3000,ML-KEM-1024,OOM,OOM,OOM,OOM,OOM,OOM,195,220,259,OOM,UNSUPPORTED
STM32F407VGT6,Cortex-M4,201,1024,192,8000,ML-KEM-768,698531,818678,988421,3475,4073,4917,10,12,14,PASS,ML-KEM-1024
STM32F103C8T6,Cortex-M3,64,64,20,10000,ML-KEM-512,437371,520908,651682,6833,8139,10182,27,32,40,PASS,UNSUPPORTED
SAMD21G18,Cortex-M0+,48,256,32,10000,ML-KEM-768,786009,921202,1112202,16375,19191,23170,81,95,115,PASS,UNSUPPORTED
SiFive HiFive1,RISC-V FE310,320,16384,16,20000,ML-KEM-768,OOM,OOM,OOM,OOM,OOM,OOM,86,101,122,OOM,ML-KEM-512
MSP432P401R,Cortex-M4,52,256,64,3000,ML-KEM-1024,1092514,1233448,1448673,21009,23720,27859,105,118,139,PASS,UNSUPPORTED
STM32F411CEU6,Cortex-M4,100,512,128,10000,ML-KEM-512,424041,505032,631821,4240,5050,6318,12,15,18,PASS,ML-KEM-512
STM32H743VIT6,Cortex-M7,480,2048,1024,2000,ML-KEM-1024,1010831,1141228,1340361,2105,2377,2792,8,9,11,PASS,ML-KEM-768
i.MX RT1060,Cortex-M7,480,4096,1024,5000,ML-KEM-768,635481,744783,899205,1323,1551,1873,2,3,3,PASS,ML-KEM-1024
MSP432P401R,Cortex-M4,48,256,64,5000,ML-KEM-1024,1110145,1253353,1472052,23128,26111,30667,115,130,153,PASS,UNSUPPORTED
CH32V307,RISC-V RV32,158,256,64,3000,ML-KEM-768,3021512,3541212,4275439,19123,22412,27059,95,112,135,PASS,UNSUPPORTED
nRF52840,Cortex-M4,64,1024,256,3000,ML-KEM-512,428153,509930,637947,6689,7967,9967,20,23,29,PASS,UNSUPPORTED
SiFive HiFive1,RISC-V FE310,352,16384,16,10000,ML-KEM-1024,OOM,OOM,OOM,OOM,OOM,OOM,201,226,266,OOM,UNSUPPORTED
CH32V307,RISC-V RV32,172,256,64,2000,ML-KEM-768,2989908,3504172,4230719,17383,20373,24597,86,101,122,PASS,UNSUPPORTED
STM32F407VGT6,Cortex-M4,168,1024,192,3000,ML-KEM-768,719819,843627,1018543,4284,5021,6062,12,15,18,PASS,UNSUPPORTED
CH32V307,RISC-V RV32,115,256,64,50000,ML-KEM-768,3029450,3550515,4286671,26343,30874,37275,131,154,186,PASS,ML-KEM-768
STM32F103C8T6,Cortex-M3,86,64,20,15000,ML-KEM-1024,OOM,OOM,OOM,OOM,OOM,OOM,81,91,107,OOM,ML-KEM-768
STM32H743VIT6,Cortex-M7,440,2048,1024,2000,ML-KEM-512,381412,454261,568303,866,1032,1291,1,2,2,PASS,ML-KEM-512
SAMD21G18,Cortex-M0+,48,256,32,30000,ML-KEM-1024,1204263,1359612,1596852,25088,28325,33267,200,226,266,PASS,ML-KEM-768
STM32F072RBT6,Cortex-M0,57,128,16,8000,ML-KEM-1024,OOM,OOM,OOM,OOM,OOM,OOM,173,196,230,OOM,UNSUPPORTED
STM32H753ZIT6,Cortex-M7,384,2048,1024,50000,ML-KEM-768,624667,732109,883903,1626,1906,2301,3,3,4,PASS,ML-KEM-1024
CH32V307,RISC-V RV32,115,256,64,30000,ML-KEM-512,1860930,2216367,2772785,16182,19272,24111,80,96,120,PASS,ML-KEM-512
SAMD21G18,Cortex-M0+,52,256,32,10000,ML-KEM-1024,1214900,1371622,1610957,23363,26377,30979,186,211,247,PASS,UNSUPPORTED
STM32F411CEU6,Cortex-M4,110,512,128,30000,ML-KEM-512,430342,512537,641209,3912,4659,5829,11,13,17,PASS,ML-KEM-1024
SAMD21G18,Cortex-M0+,52,256,32,8000,ML-KEM-1024,1205397,1360893,1598356,23180,26171,30737,185,209,245,PASS,UNSUPPORTED
ESP32-WROOM,Xtensa LX6,216,4096,520,3000,ML-KEM-768,2355413,2760544,3332909,10904,12780,15430,54,63,77,PASS,UNSUPPORTED
CH32V307,RISC-V RV32,158,256,64,15000,ML-KEM-1024,4735483,5346360,6279250,29971,33837,39742,239,270,317,PASS,UNSUPPORTED
STM32F072RBT6,Cortex-M0,48,128,16,10000,ML-KEM-1024,OOM,OOM,OOM,OOM,OOM,OOM,210,237,278,OOM,UNSUPPORTED
STM32H743VIT6,Cortex-M7,440,2048,1024,5000,ML-KEM-768,635979,745367,899910,1445,1694,2045,2,3,4,PASS,ML-KEM-1024
nRF52840,Cortex-M4,64,1024,256,50000,ML-KEM-1024,1107533,1250404,1468588,17305,19537,22946,86,97,114,PASS,ML-KEM-1024
ESP32-WROOM,Xtensa LX6,240,4096,520,8000,ML-KEM-1024,3611865,4077795,4789332,15049,16990,19955,120,135,159,PASS,UNSUPPORTED
STM32F411CEU6,Cortex-M4,90,512,128,20000,ML-KEM-512,427952,509690,637648,4755,5663,7084,14,16,21,PASS,ML-KEM-1024
MSP432P401R,Cortex-M4,52,256,64,20000,ML-KEM-1024,1126017,1271273,1493098,21654,24447,28713,108,122,143,PASS,ML-KEM-768
STM32H743VIT6,Cortex-M7,360,2048,1024,30000,ML-KEM-512,379244,451679,565073,1053,1254,1569,2,2,3,PASS,ML-KEM-1024
i.MX RT1060,Cortex-M7,600,4096,1024,3000,ML-KEM-768,624832,732303,884137,1041,1220,1473,2,2,2,PASS,ML-KEM-1024
ESP32-WROOM,Xtensa LX6,264,4096,520,2000,ML-KEM-1024,3598046,4062193,4771008,13628,15387,18072,109,123,144,PASS,UNSUPPORTED
CH32V307,RISC-V RV32,129,256,64,3000,ML-KEM-768,3074233,3603001,4350039,23831,27930,33721,119,139,168,PASS,UNSUPPORTED
STM32F407VGT6,Cortex-M4,168,1024,192,20000,ML-KEM-1024,1094315,1235481,1451061,6513,7354,8637,32,36,43,PASS,ML-KEM-1024
nRF52840,Cortex-M4,76,1024,256,20000,ML-KEM-768,713062,835708,1008982,9382,10996,13276,28,32,39,PASS,ML-KEM-1024
ESP32-WROOM,Xtensa LX6,264,4096,520,50000,ML-KEM-512,1426671,1699165,2125739,5404,6436,8052,27,32,40,PASS,ML-KEM-1024
STM32F103C8T6,Cortex-M3,72,64,20,8000,ML-KEM-1024,OOM,OOM,OOM,OOM,OOM,OOM,94,106,124,OOM,UNSUPPORTED
RP2040,Cortex-M0+,106,2048,264,30000,ML-KEM-512,488763,582116,728256,4610,5491,6870,23,27,34,PASS,ML-KEM-1024
ESP32-WROOM,Xtensa LX6,192,4096,520,2000,ML-KEM-768,2357600,2763107,3336004,12279,14391,17375,61,71,86,PASS,UNSUPPORTED
STM32F407VGT6,Cortex-M4,168,1024,192,15000,ML-KEM-768,699405,819702,989658,4163,4879,5890,12,14,17,PASS,ML-KEM-1024
STM32H753ZIT6,Cortex-M7,528,2048,1024,5000,ML-KEM-512,379996,452575,566194,719,857,1072,1,1,2,PASS,ML-KEM-1024
i.MX RT1060,Cortex-M7,660,4096,1024,8000,ML-KEM-768,645485,756508,913361,978,1146,1383,1,2,2,PASS,ML-KEM-1024
SAMD21G18,Cortex-M0+,43,256,32,30000,ML-KEM-1024,1193141,1347056,1582104,27747,31326,36793,221,250,294,PASS,ML-KEM-768
STM32F407VGT6,Cortex-M4,134,1024,192,30000,ML-KEM-768,714504,837398,1011023,5332,6249,7544,15,18,22,PASS,ML-KEM-1024
SAMD21G18,Cortex-M0+,38,256,32,30000,ML-KEM-768,813565,953498,1151194,21409,25092,30294,107,125,151,PASS,ML-KEM-768
STM32F407VGT6,Cortex-M4,184,1024,192,10000,ML-KEM-768,719263,842976,1017757,3909,4581,5531,11,13,16,PASS,ML-KEM-1024
STM32F103C8T6,Cortex-M3,79,64,20,30000,ML-KEM-512,440322,524423,656079,5573,6638,8304,22,26,33,PASS,ML-KEM-768
i.MX RT1060,Cortex-M7,600,4096,1024,10000,ML-KEM-1024,989825,1117512,1312507,1649,1862,2187,6,7,8,PASS,ML-KEM-1024
CH32V307,RISC-V RV32,158,256,64,10000,ML-KEM-512,1854878,2209159,2763768,11739,13982,17492,58,69,87,PASS,UNSUPPORTED
STM32H743VIT6,Cortex-M7,320,2048,1024,30000,ML-KEM-768,642003,752427,908434,2006,2351,2838,4,4,5,PASS,ML-KEM-1024
STM32F103C8T6,Cortex-M3,86,64,20,15000,ML-KEM-512,447431,532890,666672,5202,6196,7752,20,24,31,PASS,ML-KEM-768
i.MX RT1060,Cortex-M7,600,4096,1024,5000,ML-KEM-1024,981918,1108585,1302023,1636,1847,2170,6,7,8,PASS,ML-KEM-1024
STM32H743VIT6,Cortex-M7,320,2048,1024,10000,ML-KEM-768,623147,730328,881753,1947,2282,2755,3,4,5,PASS,ML-KEM-1024
nRF52840,Cortex-M4,57,1024,256,3000,ML-KEM-768,704546,825727,996932,12360,14486,17490,37,43,52,PASS,UNSUPPORTED
STM32F411CEU6,Cortex-M4,90,512,128,8000,ML-KEM-512,436028,519309,649681,4844,5770,7218,14,17,21,PASS,ML-KEM-512
ESP32-WROOM,Xtensa LX6,240,4096,520,50000,ML-KEM-1024,3710369,4189006,4919949,15459,17454,20499,123,139,163,PASS,ML-KEM-1024
CH32V307,RISC-V RV32,129,256,64,10000,ML-KEM-768,3096833,3629488,4382018,24006,28135,33969,120,140,169,PASS,UNSUPPORTED
STM32F407VGT6,Cortex-M4,168,1024,192,3000,ML-KEM-768,722600,846887,1022479,4301,5040,6086,12,15,18,PASS,UNSUPPORTED
SAMD21G18,Cortex-M0+,43,256,32,20000,ML-KEM-1024,1198530,1353140,1589250,27872,31468,36959,222,251,295,PASS,ML-KEM-512
ESP32-C3,RISC-V RV32,176,4096,400,2000,ML-KEM-768,3044447,3568091,4307892,17297,20273,24476,86,101,122,PASS,UNSUPPORTED
MSP432P401R,Cortex-M4,48,256,64,10000,ML-KEM-1024,1107703,1250596,1468814,23077,26054,30600,115,130,153,PASS,UNSUPPORTED
STM32H743VIT6,Cortex-M7,400,2048,1024,3000,ML-KEM-1024,987374,1114745,1309257,2468,2786,3273,9,11,13,PASS,ML-KEM-768
STM32F072RBT6,Cortex-M0,57,128,16,50000,ML-KEM-768,OOM,OOM,OOM,OOM,OOM,OOM,74,86,104,OOM,ML-KEM-512
STM32F103C8T6,Cortex-M3,57,64,20,30000,ML-KEM-1024,OOM,OOM,OOM,OOM,OOM,OOM,120,135,159,OOM,ML-KEM-768
STM32F411CEU6,Cortex-M4,80,512,128,5000,ML-KEM-512,438783,522590,653786,5484,6532,8172,16,19,24,PASS,UNSUPPORTED
STM32F407VGT6,Cortex-M4,184,1024,192,3000,ML-KEM-512,426515,507979,635507,2318,2760,3453,6,8,10,PASS,UNSUPPORTED
STM32H753ZIT6,Cortex-M7,432,2048,1024,20000,ML-KEM-768,631723,740379,893888,1462,1713,2069,2,3,4,PASS,ML-KEM-1024
SiFive HiFive1,RISC-V FE310,384,16384,16,20000,ML-KEM-1024,OOM,OOM,OOM,OOM,OOM,OOM,182,206,242,OOM,ML-KEM-512
SAMD21G18,Cortex-M0+,52,256,32,3000,ML-KEM-768,801691,939581,1134392,15417,18068,21815,77,90,109,PASS,UNSUPPORTED
STM32F407VGT6,Cortex-M4,134,1024,192,15000,ML-KEM-512,430111,512262,640865,3209,3822,4782,9,11,14,PASS,ML-KEM-1024
STM32F103C8T6,Cortex-M3,72,64,20,3000,ML-KEM-1024,OOM,OOM,OOM,OOM,OOM,OOM,95,107,126,OOM,UNSUPPORTED
ESP32-WROOM,Xtensa LX6,240,4096,520,2000,ML-KEM-768,2309112,2706279,3267393,9621,11276,13614,48,56,68,PASS,UNSUPPORTED
RP2040,Cortex-M0+,146,2048,264,3000,ML-KEM-1024,1191123,1344777,1579429,8158,9210,10818,65,73,86,PASS,UNSUPPORTED
STM32H743VIT6,Cortex-M7,480,2048,1024,2000,ML-KEM-512,389416,463794,580229,811,966,1208,1,1,2,PASS,ML-KEM-768
STM32F103C8T6,Cortex-M3,64,64,20,8000,ML-KEM-512,450870,536986,671796,7044,8390,10496,28,33,41,PASS,UNSUPPORTED
STM32H753ZIT6,Cortex-M7,432,2048,1024,8000,ML-KEM-512,382359,455389,569714,885,1054,1318,1,2,2,PASS,ML-KEM-1024
SAMD21G18,Cortex-M0+,57,256,32,2000,ML-KEM-768,809440,948663,1145357,14200,16643,20093,71,83,100,PASS,UNSUPPORTED
SAMD21G18,Cortex-M0+,43,256,32,50000,ML-KEM-768,807528,946422,1142652,18779,22009,26573,93,110,132,PASS,ML-KEM-1024
RP2040,Cortex-M0+,106,2048,264,5000,ML-KEM-512,482249,574358,718551,4549,5418,6778,22,27,33,PASS,UNSUPPORTED
ESP32-C3,RISC-V RV32,144,4096,400,15000,ML-KEM-512,1825894,2174639,2720582,12679,15101,18892,63,75,94,PASS,UNSUPPORTED
STM32F072RBT6,Cortex-M0,43,128,16,20000,ML-KEM-1024,OOM,OOM,OOM,OOM,OOM,OOM,230,259,305,OOM,ML-KEM-512
RP2040,Cortex-M0+,146,2048,264,30000,ML-KEM-768,798422,935750,1129767,5468,6409,7738,27,32,38,PASS,ML-KEM-1024
RP2040,Cortex-M0+,146,2048,264,50000,ML-KEM-512,493641,587926,735525,3381,4026,5037,16,20,25,PASS,ML-KEM-1024
STM32F072RBT6,Cortex-M0,57,128,16,10000,ML-KEM-768,OOM,OOM,OOM,OOM,OOM,OOM,73,86,103,OOM,UNSUPPORTED
STM32F072RBT6,Cortex-M0,38,128,16,30000,ML-KEM-768,OOM,OOM,OOM,OOM,OOM,OOM,109,127,154,OOM,ML-KEM-512
RP2040,Cortex-M0+,146,2048,264,30000,ML-KEM-512,492745,586859,734190,3374,4019,5028,16,20,25,PASS,ML-KEM-1024
nRF52840,Cortex-M4,76,1024,256,5000,ML-KEM-512,424642,505748,632716,5587,6654,8325,16,19,24,PASS,UNSUPPORTED
i.MX RT1060,Cortex-M7,720,4096,1024,50000,ML-KEM-1024,991021,1118862,1314093,1376,1553,1825,5,6,7,PASS,ML-KEM-1024
i.MX RT1060,Cortex-M7,720,4096,1024,10000,ML-KEM-768,635140,744384,898723,882,1033,1248,1,2,2,PASS,ML-KEM-1024
STM32F411CEU6,Cortex-M4,80,512,128,3000,ML-KEM-1024,1119718,1264161,1484746,13996,15802,18559,69,79,92,PASS,UNSUPPORTED
ESP32-C3,RISC-V RV32,192,4096,400,8000,ML-KEM-768,3034109,3555975,4293264,15802,18520,22360,79,92,111,PASS,UNSUPPORTED
STM32F103C8T6,Cortex-M3,79,64,20,15000,ML-KEM-768,729034,854427,1031583,9228,10815,13058,36,43,52,PASS,ML-KEM-768
SiFive HiFive1,RISC-V FE310,256,16384,16,15000,ML-KEM-768,OOM,OOM,OOM,OOM,OOM,OOM,107,125,151,OOM,UNSUPPORTED
STM32F407VGT6,Cortex-M4,168,1024,192,5000,ML-KEM-1024,1131831,1277837,1500807,6737,7606,8933,33,38,44,PASS,ML-KEM-512
RP2040,Cortex-M0+,106,2048,264,3000,ML-KEM-512,483678,576060,720680,4563,5434,6798,22,27,33,PASS,UNSUPPORTED
SiFive HiFive1,RISC-V FE310,320,16384,16,5000,ML-KEM-1024,OOM,OOM,OOM,OOM,OOM,OOM,213,240,283,OOM,UNSUPPORTED
STM32H753ZIT6,Cortex-M7,576,2048,1024,15000,ML-KEM-1024,982919,1109715,1303350,1706,1926,2262,6,7,9,PASS,ML-KEM-1024
nRF52840,Cortex-M4,70,1024,256,2000,ML-KEM-768,712313,834830,1007922,10175,11926,14398,30,35,43,PASS,UNSUPPORTED
nRF52840,Cortex-M4,51,1024,256,50000,ML-KEM-512,425134,506334,633449,8335,9928,12420,25,29,37,PASS,ML-KEM-1024
MSP432P401R,Cortex-M4,43,256,64,3000,ML-KEM-768,719265,842978,1017759,16727,19604,23668,50,58,71,PASS,UNSUPPORTED
nRF52840,Cortex-M4,51,1024,256,10000,ML-KEM-1024,1100808,1242812,1459671,21584,24368,28621,107,121,143,PASS,UNSUPPORTED
STM32F411CEU6,Cortex-M4,120,512,128,50000,ML-KEM-512,432967,515663,645120,3608,4297,5376,10,12,16,PASS,ML-KEM-1024
STM32H743VIT6,Cortex-M7,400,2048,1024,2000,ML-KEM-512,381508,454376,568446,953,1135,1421,1,2,2,PASS,ML-KEM-512
ESP32-C3,RISC-V RV32,160,4096,400,15000,ML-KEM-768,2979942,3492492,4216617,18624,21828,26353,93,109,131,PASS,UNSUPPORTED
CH32V307,RISC-V RV32,129,256,64,20000,ML-KEM-512,1823498,2171786,2717012,14135,16835,21062,70,84,105,PASS,UNSUPPORTED
STM32H743VIT6,Cortex-M7,320,2048,1024,3000,ML-KEM-1024,999216,1128114,1324960,3122,3525,4140,12,14,16,PASS,ML-KEM-768
STM32F411CEU6,Cortex-M4,110,512,128,30000,ML-KEM-768,699741,820096,990133,6361,7455,9001,19,22,27,PASS,ML-KEM-1024
STM32F407VGT6,Cortex-M4,168,1024,192,3000,ML-KEM-512,425148,506351,633470,2530,3013,3770,7,9,11,PASS,UNSUPPORTED
ESP32-C3,RISC-V RV32,192,4096,400,2000,ML-KEM-1024,4699998,5306297,6232197,24479,27636,32459,195,221,259,PASS,UNSUPPORTED
MSP432P401R,Cortex-M4,52,256,64,30000,ML-KEM-1024,1110419,1253663,1472415,21354,24108,28315,106,120,141,PASS,ML-KEM-1024
STM32F407VGT6,Cortex-M4,151,1024,192,50000,ML-KEM-512,428418,510245,638342,2837,3379,4227,8,10,12,PASS,ML-KEM-1024
RP2040,Cortex-M0+,133,2048,264,30000,ML-KEM-1024,1213055,1369539,1608510,9120,10297,12094,72,82,96,PASS,ML-KEM-1024
STM32F072RBT6,Cortex-M0,43,128,16,20000,ML-KEM-1024,OOM,OOM,OOM,OOM,OOM,OOM,229,259,304,OOM,ML-KEM-512
STM32F103C8T6,Cortex-M3,72,64,20,8000,ML-KEM-512,449702,535595,670055,6245,7438,9306,24,29,37,PASS,UNSUPPORTED
STM32F407VGT6,Cortex-M4,168,1024,192,3000,ML-KEM-512,431042,513371,642252,2565,3055,3822,7,9,11,PASS,UNSUPPORTED
STM32F411CEU6,Cortex-M4,90,512,128,5000,ML-KEM-768,710388,832574,1005199,7893,9250,11168,23,27,33,PASS,UNSUPPORTED
STM32F103C8T6,Cortex-M3,86,64,20,50000,ML-KEM-1024,OOM,OOM,OOM,OOM,OOM,OOM,81,91,107,OOM,ML-KEM-768
RP2040,Cortex-M0+,146,2048,264,2000,ML-KEM-768,782638,917251,1107432,5360,6282,7585,26,31,37,PASS,UNSUPPORTED
ESP32-WROOM,Xtensa LX6,192,4096,520,15000,ML-KEM-1024,3639675,4109193,4826209,18956,21402,25136,151,171,201,PASS,ML-KEM-512
STM32F411CEU6,Cortex-M4,110,512,128,10000,ML-KEM-512,429450,511474,639880,3904,4649,5817,11,13,17,PASS,ML-KEM-768
nRF52840,Cortex-M4,57,1024,256,30000,ML-KEM-1024,1131688,1277675,1500618,19854,22415,26326,99,112,131,PASS,ML-KEM-1024
RP2040,Cortex-M0+,146,2048,264,3000,ML-KEM-512,483752,576148,720790,3313,3946,4936,16,19,24,PASS,UNSUPPORTED
STM32F411CEU6,Cortex-M4,120,512,128,3000,ML-KEM-768,719978,843814,1018768,5999,7031,8489,17,21,25,PASS,UNSUPPORTED
SiFive HiFive1,RISC-V FE310,320,16384,16,8000,ML-KEM-768,OOM,OOM,OOM,OOM,OOM,OOM,87,102,123,OOM,UNSUPPORTED
RP2040,Cortex-M0+,159,2048,264,3000,ML-KEM-1024,1205479,1360985,1598465,7581,8559,10053,60,68,80,PASS,UNSUPPORTED
ESP32-WROOM,Xtensa LX6,240,4096,520,15000,ML-KEM-1024,3716900,4196380,4928609,15487,17484,20535,123,139,164,PASS,ML-KEM-768
STM32H743VIT6,Cortex-M7,360,2048,1024,8000,ML-KEM-512,379555,452050,565536,1054,1255,1570,2,2,3,PASS,ML-KEM-1024
STM32F103C8T6,Cortex-M3,64,64,20,5000,ML-KEM-1024,OOM,OOM,OOM,OOM,OOM,OOM,105,119,140,OOM,UNSUPPORTED
ESP32-C3,RISC-V RV32,176,4096,400,30000,ML-KEM-1024,4829688,5452717,6404166,27441,30981,36387,219,247,291,PASS,ML-KEM-768
MSP432P401R,Cortex-M4,57,256,64,15000,ML-KEM-1024,1104814,1247335,1464983,19382,21883,25701,96,109,128,PASS,ML-KEM-512
MSP432P401R,Cortex-M4,38,256,64,30000,ML-KEM-768,713192,835861,1009166,18768,21996,26557,56,65,79,PASS,ML-KEM-768
ESP32-C3,RISC-V RV32,160,4096,400,2000,ML-KEM-768,3040892,3563925,4302862,19005,22274,26892,95,111,134,PASS,UNSUPPORTED
STM32F407VGT6,Cortex-M4,184,1024,192,30000,ML-KEM-512,423447,504325,630936,2301,2740,3429,6,8,10,PASS,ML-KEM-1024
CH32V307,RISC-V RV32,144,256,64,3000,ML-KEM-1024,4849644,5475248,6430627,33678,38022,44657,269,304,357,PASS,UNSUPPORTED
CH32V307,RISC-V RV32,115,256,64,50000,ML-KEM-768,3035465,3557564,4295182,26395,30935,37349,131,154,186,PASS,ML-KEM-768
STM32H753ZIT6,Cortex-M7,384,2048,1024,30000,ML-KEM-1024,1004061,1133584,1331384,2614,2952,3467,10,11,13,PASS,ML-KEM-1024
nRF52840,Cortex-M4,76,1024,256,30000,ML-KEM-1024,1097456,1239027,1455226,14440,16302,19147,72,81,95,PASS,ML-KEM-1024
STM32F072RBT6,Cortex-M0,52,128,16,3000,ML-KEM-768,OOM,OOM,OOM,OOM,OOM,OOM,81,95,115,OOM,UNSUPPORTED
RP2040,Cortex-M0+,159,2048,264,5000,ML-KEM-512,480106,571806,715357,3019,3596,4499,15,17,22,PASS,ML-KEM-512
MSP432P401R,Cortex-M4,52,256,64,50000,ML-KEM-1024,1117888,1262095,1482319,21497,24271,28506,107,121,142,PASS,ML-KEM-1024
nRF52840,Cortex-M4,64,1024,256,10000,ML-KEM-768,706875,828457,1000228,11044,12944,15628,33,38,46,PASS,UNSUPPORTED
nRF52840,Cortex-M4,76,1024,256,2000,ML-KEM-1024,1119558,1263980,1484533,14731,16631,19533,73,83,97,PASS,UNSUPPORTED
RP2040,Cortex-M0+,133,2048,264,3000,ML-KEM-1024,1213597,1370151,1609229,9124,10301,12099,72,82,96,PASS,UNSUPPORTED
STM32F407VGT6,Cortex-M4,168,1024,192,5000,ML-KEM-768,697587,817571,987085,4152,4866,5875,12,14,17,PASS,ML-KEM-512
STM32H743VIT6,Cortex-M7,360,2048,1024,15000,ML-KEM-768,646879,758142,915333,1796,2105,2542,3,4,5,PASS,ML-KEM-1024
SiFive HiFive1,RISC-V FE310,352,16384,16,5000,ML-KEM-1024,OOM,OOM,OOM,OOM,OOM,OOM,199,224,264,OOM,UNSUPPORTED
RP2040,Cortex-M0+,133,2048,264,50000,ML-KEM-768,802580,940623,1135650,6034,7072,8538,30,35,42,PASS,ML-KEM-1024
nRF52840,Cortex-M4,57,1024,256,50000,ML-KEM-512,433605,516423,646071,7607,9060,11334,22,27,34,PASS,ML-KEM-1024
STM32F411CEU6,Cortex-M4,120,512,128,15000,ML-KEM-512,428718,510603,638789,3572,4255,5323,10,12,15,PASS,ML-KEM-1024
SAMD21G18,Cortex-M0+,43,256,32,15000,ML-KEM-768,788168,923732,1115257,18329,21482,25936,91,107,129,PASS,UNSUPPORTED
SAMD21G18,Cortex-M0+,43,256,32,3000,ML-KEM-768,808994,948140,1144726,18813,22049,26621,94,110,133,PASS,UNSUPPORTED
RP2040,Cortex-M0+,159,2048,264,50000,ML-KEM-1024,1223493,1381323,1622351,7694,8687,10203,61,69,81,PASS,ML-KEM-1024
STM32F072RBT6,Cortex-M0,48,128,16,5000,ML-KEM-1024,OOM,OOM,OOM,OOM,OOM,OOM,208,235,276,OOM,UNSUPPORTED
SAMD21G18,Cortex-M0+,43,256,32,5000,ML-KEM-1024,1201995,1357052,1593845,27953,31559,37066,223,252,296,PASS,UNSUPPORTED
STM32F411CEU6,Cortex-M4,100,512,128,8000,ML-KEM-768,712602,835169,1008331,7126,8351,10083,21,25,30,PASS,ML-KEM-512
ESP32-C3,RISC-V RV32,176,4096,400,8000,ML-KEM-1024,4730129,5340315,6272151,26875,30342,35637,215,242,285,PASS,UNSUPPORTED
ESP32-C3,RISC-V RV32,176,4096,400,8000,ML-KEM-768,3061682,3588291,4332280,17395,20388,24615,86,101,123,PASS,UNSUPPORTED
i.MX RT1060,Cortex-M7,660,4096,1024,30000,ML-KEM-768,642064,752499,908520,972,1140,1376,1,2,2,PASS,ML-KEM-1024
STM32H753ZIT6,Cortex-M7,576,2048,1024,20000,ML-KEM-512,389880,464347,580921,676,806,1008,1,1,2,PASS,ML-KEM-1024
ESP32-C3,RISC-V RV32,192,4096,400,5000,ML-KEM-768,2985545,3499058,4224546,15549,18224,22002,77,91,110,PASS,UNSUPPORTED
MSP432P401R,Cortex-M4,48,256,64,50000,ML-KEM-512,434733,517767,647752,9056,10786,13494,27,32,40,PASS,ML-KEM-1024
STM32H753ZIT6,Cortex-M7,384,2048,1024,10000,ML-KEM-512,389051,463359,579685,1013,1206,1509,2,2,3,PASS,ML-KEM-1024
STM32F407VGT6,Cortex-M4,184,1024,192,50000,ML-KEM-512,436796,520224,650826,2373,2827,3537,7,8,10,PASS,ML-KEM-1024
RP2040,Cortex-M0+,119,2048,264,30000,ML-KEM-768,811740,951359,1148612,6821,7994,9652,34,39,48,PASS,ML-KEM-1024
STM32F411CEU6,Cortex-M4,80,512,128,20000,ML-KEM-1024,1107388,1250241,1468396,13842,15628,18354,69,78,91,PASS,ML-KEM-1024
STM32F411CEU6,Cortex-M4,80,512,128,15000,ML-KEM-512,422952,503735,630198,5286,6296,7877,15,18,23,PASS,ML-KEM-768
ESP32-WROOM,Xtensa LX6,192,4096,520,15000,ML-KEM-512,1399415,1666703,2085128,7288,8680,10860,36,43,54,PASS,ML-KEM-512
STM32F407VGT6,Cortex-M4,184,1024,192,5000,ML-KEM-1024,1111624,1255023,1474013,6041,6820,8010,30,34,40,PASS,ML-KEM-512
i.MX RT1060,Cortex-M7,480,4096,1024,3000,ML-KEM-512,381241,454058,568049,794,945,1183,1,1,2,PASS,ML-KEM-1024
CH32V307,RISC-V RV32,129,256,64,50000,ML-KEM-1024,4800817,5420122,6365883,37215,42016,49347,297,336,394,PASS,ML-KEM-1024
STM32F411CEU6,Cortex-M4,80,512,128,10000,ML-KEM-512,427659,509341,637211,5345,6366,7965,16,19,23,PASS,ML-KEM-512
STM32F072RBT6,Cortex-M0,43,128,16,20000,ML-KEM-1024,OOM,OOM,OOM,OOM,OOM,OOM,236,267,313,OOM,ML-KEM-512
MSP432P401R,Cortex-M4,38,256,64,3000,ML-KEM-768,712209,834708,1007775,18742,21966,26520,56,65,79,PASS,UNSUPPORTED
STM32F072RBT6,Cortex-M0,57,128,16,8000,ML-KEM-1024,OOM,OOM,OOM,OOM,OOM,OOM,173,196,230,OOM,UNSUPPORTED
STM32F411CEU6,Cortex-M4,80,512,128,15000,ML-KEM-512,432306,514876,644135,5403,6435,8051,16,19,24,PASS,ML-KEM-768
SAMD21G18,Cortex-M0+,38,256,32,50000,ML-KEM-768,784200,919082,1109643,20636,24186,29201,103,120,146,PASS,ML-KEM-1024
STM32H753ZIT6,Cortex-M7,576,2048,1024,50000,ML-KEM-1024,1000161,1129181,1326213,1736,1960,2302,6,7,9,PASS,ML-KEM-1024
STM32F411CEU6,Cortex-M4,110,512,128,2000,ML-KEM-1024,1107963,1250890,1469158,10072,11371,13355,50,56,66,PASS,UNSUPPORTED
nRF52840,Cortex-M4,64,1024,256,2000,ML-KEM-768,717651,841086,1015476,11213,13141,15866,33,39,47,PASS,UNSUPPORTED
nRF52840,Cortex-M4,57,1024,256,3000,ML-KEM-1024,1123470,1268397,1489721,19710,22252,26135,98,111,130,PASS,UNSUPPORTED
nRF52840,Cortex-M4,57,1024,256,2000,ML-KEM-768,710769,833021,1005738,12469,14614,17644,37,43,52,PASS,UNSUPPORTED
CH32V307,RISC-V RV32,129,256,64,30000,ML-KEM-1024,4775895,5391985,6332836,37022,41798,49091,296,334,392,PASS,ML-KEM-512
SAMD21G18,Cortex-M0+,43,256,32,3000,ML-KEM-1024,1218312,1375474,1615481,28332,31987,37569,226,255,300,PASS,UNSUPPORTED
MSP432P401R,Cortex-M4,38,256,64,10000,ML-KEM-512,423221,504056,630599,11137,13264,16594,33,39,49,PASS,UNSUPPORTED
STM32F103C8T6,Cortex-M3,57,64,20,15000,ML-KEM-768,732450,858431,1036416,12850,15060,18182,51,60,72,PASS,ML-KEM-512
CH32V307,RISC-V RV32,172,256,64,30000,ML-KEM-768,2983653,3496841,4221868,17346,20330,24545,86,101,122,PASS,ML-KEM-768
STM32H743VIT6,Cortex-M7,360,2048,1024,10000,ML-KEM-768,644198,755000,911540,1789,2097,2532,3,4,5,PASS,ML-KEM-1024
STM32F072RBT6,Cortex-M0,48,128,16,10000,ML-KEM-512,511686,609418,762412,10660,12696,15883,53,63,79,PASS,UNSUPPORTED
STM32F411CEU6,Cortex-M4,110,512,128,30000,ML-KEM-768,704896,826138,997427,6408,7510,9067,19,22,27,PASS,ML-KEM-1024
SAMD21G18,Cortex-M0+,52,256,32,30000,ML-KEM-768,811543,951128,1148333,15606,18290,22083,78,91,110,PASS,ML-KEM-768
STM32H753ZIT6,Cortex-M7,480,2048,1024,3000,ML-KEM-1024,994986,1123339,1319351,2072,2340,2748,8,9,10,PASS,ML-KEM-1024
STM32F411CEU6,Cortex-M4,120,512,128,5000,ML-KEM-1024,1103818,1246210,1463662,9198,10385,12197,45,51,60,PASS,UNSUPPORTED
RP2040,Cortex-M0+,106,2048,264,15000,ML-KEM-1024,1195149,1349323,1584767,11274,12729,14950,90,101,119,PASS,ML-KEM-768
MSP432P401R,Cortex-M4,57,256,64,20000,ML-KEM-512,434360,517322,647196,7620,9075,11354,22,27,34,PASS,ML-KEM-768
nRF52840,Cortex-M4,70,1024,256,2000,ML-KEM-1024,1129474,1275176,1497682,16135,18216,21395,80,91,106,PASS,UNSUPPORTED
nRF52840,Cortex-M4,76,1024,256,20000,ML-KEM-768,713421,836129,1009490,9387,11001,13282,28,33,39,PASS,ML-KEM-1024
ESP32-C3,RISC-V RV32,128,4096,400,3000,ML-KEM-1024,4806292,5426303,6373143,37549,42392,49790,300,339,398,PASS,UNSUPPORTED
nRF52840,Cortex-M4,76,1024,256,5000,ML-KEM-512,424928,506089,633142,5591,6659,8330,16,19,24,PASS,UNSUPPORTED
i.MX RT1060,Cortex-M7,660,4096,1024,2000,ML-KEM-512,378335,450596,563719,573,682,854,1,1,1,PASS,ML-KEM-768
ESP32-C3,RISC-V RV32,160,4096,400,15000,ML-KEM-768,3094655,3626935,4378936,19341,22668,27368,96,113,136,PASS,UNSUPPORTED
STM32F072RBT6,Cortex-M0,57,128,16,5000,ML-KEM-1024,OOM,OOM,OOM,OOM,OOM,OOM,176,198,233,OOM,UNSUPPORTED
nRF52840,Cortex-M4,64,1024,256,30000,ML-KEM-512,432362,514943,644219,6755,8045,10065,20,24,30,PASS,ML-KEM-1024
STM32H753ZIT6,Cortex-M7,480,2048,1024,20000,ML-KEM-768,638798,748671,903899,1330,1559,1883,2,3,3,PASS,ML-KEM-1024
STM32F103C8T6,Cortex-M3,57,64,20,2000,ML-KEM-1024,OOM,OOM,OOM,OOM,OOM,OOM,119,134,158,OOM,UNSUPPORTED
STM32H753ZIT6,Cortex-M7,528,2048,1024,50000,ML-KEM-512,381331,454165,568183,722,860,1076,1,1,2,PASS,ML-KEM-1024
STM32F407VGT6,Cortex-M4,184,1024,192,8000,ML-KEM-1024,1103453,1245798,1463178,5997,6770,7952,29,33,39,PASS,ML-KEM-768
ESP32-WROOM,Xtensa LX6,264,4096,520,8000,ML-KEM-512,1399309,1666577,2084970,5300,6312,7897,26,31,39,PASS,UNSUPPORTED
RP2040,Cortex-M0+,146,2048,264,5000,ML-KEM-1024,1202354,1357457,1594321,8235,9297,10920,65,74,87,PASS,ML-KEM-512
RP2040,Cortex-M0+,133,2048,264,15000,ML-KEM-1024,1184030,1336769,1570023,8902,10050,11804,71,80,94,PASS,ML-KEM-1024
STM32H753ZIT6,Cortex-M7,480,2048,1024,10000,ML-KEM-512,388261,462418,578508,808,963,1205,1,1,2,PASS,ML-KEM-1024
ESP32-WROOM,Xtensa LX6,216,4096,520,15000,ML-KEM-1024,3609739,4075395,4786513,16711,18867,22159,133,150,177,PASS,ML-KEM-512
STM32F103C8T6,Cortex-M3,64,64,20,8000,ML-KEM-768,718129,841647,1016152,11220,13150,15877,44,52,63,PASS,UNSUPPORTED
STM32H753ZIT6,Cortex-M7,576,2048,1024,15000,ML-KEM-768,642713,753259,909438,1115,1307,1578,2,2,3,PASS,ML-KEM-1024
STM32H753ZIT6,Cortex-M7,432,2048,1024,3000,ML-KEM-512,382063,455037,569273,884,1053,1317,1,2,2,PASS,ML-KEM-768
SiFive HiFive1,RISC-V FE310,352,16384,16,50000,ML-KEM-768,OOM,OOM,OOM,OOM,OOM,OOM,79,93,112,OOM,ML-KEM-512
CH32V307,RISC-V RV32,172,256,64,3000,ML-KEM-512,1884956,2244982,2808584,10959,13052,16328,54,65,81,PASS,UNSUPPORTED
STM32H743VIT6,Cortex-M7,320,2048,1024,30000,ML-KEM-768,639574,749580,904997,1998,2342,2828,3,4,5,PASS,ML-KEM-1024
nRF52840,Cortex-M4,57,1024,256,50000,ML-KEM-1024,1116908,1260989,1481020,19594,22122,25982,97,110,129,PASS,ML-KEM-1024
ESP32-C3,RISC-V RV32,144,4096,400,20000,ML-KEM-1024,4858528,5485278,6442408,33739,38092,44738,269,304,357,PASS,ML-KEM-512
STM32F072RBT6,Cortex-M0,38,128,16,50000,ML-KEM-512,501670,597488,747488,13201,15723,19670,66,78,98,PASS,ML-KEM-512
SAMD21G18,Cortex-M0+,48,256,32,8000,ML-KEM-768,812283,951995,1149380,16922,19833,23945,84,99,119,PASS,UNSUPPORTED
STM32H753ZIT6,Cortex-M7,480,2048,1024,3000,ML-KEM-768,627286,735179,887609,1306,1531,1849,2,3,3,PASS,ML-KEM-1024
STM32H753ZIT6,Cortex-M7,480,2048,1024,5000,ML-KEM-1024,990128,1117854,1312909,2062,2328,2735,8,9,10,PASS,ML-KEM-1024
STM32H753ZIT6,Cortex-M7,384,2048,1024,50000,ML-KEM-1024,984771,1111806,1305806,2564,2895,3400,10,11,13,PASS,ML-KEM-1024
i.MX RT1060,Cortex-M7,540,4096,1024,5000,ML-KEM-1024,1002969,1132352,1329936,1857,2096,2462,7,8,9,PASS,ML-KEM-1024
ESP32-WROOM,Xtensa LX6,288,4096,520,15000,ML-KEM-1024,3583014,4045222,4751076,12441,14045,16496,99,112,131,PASS,ML-KEM-768
CH32V307,RISC-V RV32,115,256,64,3000,ML-KEM-512,1883192,2242881,2805956,16375,19503,24399,81,97,121,PASS,UNSUPPORTED
ESP32-C3,RISC-V RV32,192,4096,400,10000,ML-KEM-1024,4724706,5334193,6264960,24607,27782,32630,196,222,261,PASS,UNSUPPORTED
i.MX RT1060,Cortex-M7,660,4096,1024,2000,ML-KEM-768,644880,755799,912505,977,1145,1382,1,2,2,PASS,ML-KEM-768
STM32H753ZIT6,Cortex-M7,480,2048,1024,10000,ML-KEM-768,628519,736624,889354,1309,1534,1852,2,3,3,PASS,ML-KEM-1024
ESP32-C3,RISC-V RV32,176,4096,400,10000,ML-KEM-768,2988073,3502021,4228123,16977,19897,24023,84,99,120,PASS,UNSUPPORTED
STM32F072RBT6,Cortex-M0,43,128,16,30000,ML-KEM-768,OOM,OOM,OOM,OOM,OOM,OOM,96,113,136,OOM,ML-KEM-512
STM32F103C8T6,Cortex-M3,72,64,20,5000,ML-KEM-768,742584,870308,1050756,10313,12087,14593,41,48,58,PASS,UNSUPPORTED
nRF52840,Cortex-M4,64,1024,256,20000,ML-KEM-512,435582,518778,649017,6805,8105,10140,20,24,30,PASS,ML-KEM-768
STM32H753ZIT6,Cortex-M7,576,2048,1024,3000,ML-KEM-768,628440,736531,889242,1091,1278,1543,2,2,3,PASS,ML-KEM-1024
RP2040,Cortex-M0+,133,2048,264,30000,ML-KEM-512,478033,569337,712269,3594,4280,5355,17,21,26,PASS,ML-KEM-1024
STM32F072RBT6,Cortex-M0,48,128,16,20000,ML-KEM-1024,OOM,OOM,OOM,OOM,OOM,OOM,208,235,276,OOM,ML-KEM-512
CH32V307,RISC-V RV32,129,256,64,15000,ML-KEM-1024,4822279,5444352,6394341,37382,42204,49568,299,337,396,PASS,UNSUPPORTED
STM32F103C8T6,Cortex-M3,64,64,20,30000,ML-KEM-1024,OOM,OOM,OOM,OOM,OOM,OOM,107,121,142,OOM,ML-KEM-768
ESP32-WROOM,Xtensa LX6,240,4096,520,30000,ML-KEM-512,1396714,1663486,2081103,5819,6931,8671,29,34,43,PASS,ML-KEM-1024
STM32F411CEU6,Cortex-M4,120,512,128,30000,ML-KEM-512,426176,507575,635002,3551,4229,5291,10,12,15,PASS,ML-KEM-1024
nRF52840,Cortex-M4,51,1024,256,2000,ML-KEM-768,709319,831321,1003686,13908,16300,19680,41,48,59,PASS,UNSUPPORTED
ESP32-WROOM,Xtensa LX6,264,4096,520,10000,ML-KEM-1024,3578193,4039779,4744683,13553,15302,17972,108,122,143,PASS,ML-KEM-512
RP2040,Cortex-M0+,146,2048,264,5000,ML-KEM-768,805262,943767,1139445,5515,6464,7804,27,32,39,PASS,ML-KEM-512
ESP32-C3,RISC-V RV32,176,4096,400,15000,ML-KEM-512,1842643,2194587,2745538,10469,12469,15599,52,62,77,PASS,UNSUPPORTED
i.MX RT1060,Cortex-M7,720,4096,1024,8000,ML-KEM-768,636351,745803,900436,883,1035,1250,1,2,2,PASS,ML-KEM-1024
RP2040,Cortex-M0+,146,2048,264,50000,ML-KEM-768,806439,945146,1141111,5523,6473,7815,27,32,39,PASS,ML-KEM-1024
STM32F407VGT6,Cortex-M4,201,1024,192,3000,ML-KEM-512,439280,523182,654527,2185,2602,3256,6,7,9,PASS,UNSUPPORTED
STM32F411CEU6,Cortex-M4,100,512,128,15000,ML-KEM-1024,1132541,1278638,1501749,11325,12786,15017,56,63,75,PASS,ML-KEM-1024
ESP32-C3,RISC-V RV32,144,4096,400,8000,ML-KEM-1024,4781744,5398588,6340592,33206,37490,44031,265,299,352,PASS,UNSUPPORTED
STM32H753ZIT6,Cortex-M7,384,2048,1024,2000,ML-KEM-512,379410,451877,565320,988,1176,1472,1,2,2,PASS,ML-KEM-512
nRF52840,Cortex-M4,70,1024,256,50000,ML-KEM-768,699501,819815,989793,9992,11711,14139,29,35,42,PASS,ML-KEM-1024
ESP32-WROOM,Xtensa LX6,288,4096,520,5000,ML-KEM-768,2370203,2777877,3353837,8229,9645,11645,41,48,58,PASS,UNSUPPORTED
nRF52840,Cortex-M4,57,1024,256,20000,ML-KEM-1024,1123654,1268605,1489965,19713,22256,26139,98,111,130,PASS,ML-KEM-768
STM32F407VGT6,Cortex-M4,201,1024,192,15000,ML-KEM-1024,1127615,1273077,1495217,5610,6333,7438,28,31,37,PASS,ML-KEM-1024
STM32H753ZIT6,Cortex-M7,528,2048,1024,10000,ML-KEM-768,643020,753619,909873,1217,1427,1723,2,2,3,PASS,ML-KEM-1024
nRF52840,Cortex-M4,64,1024,256,3000,ML-KEM-768,711839,834275,1007252,11122,13035,15738,33,39,47,PASS,UNSUPPORTED
ESP32-C3,RISC-V RV32,128,4096,400,30000,ML-KEM-768,3096795,3629443,4381964,24193,28355,34234,120,141,171,PASS,ML-KEM-512
ESP32-C3,RISC-V RV32,192,4096,400,8000,ML-KEM-1024,4694219,5299773,6224534,24449,27602,32419,195,220,259,PASS,UNSUPPORTED
MSP432P401R,Cortex-M4,43,256,64,50000,ML-KEM-1024,1122847,1267694,1488895,26112,29481,34625,130,147,173,PASS,ML-KEM-1024
ESP32-C3,RISC-V RV32,176,4096,400,5000,ML-KEM-1024,4730707,5340968,6272917,26879,30346,35641,215,242,285,PASS,UNSUPPORTED
i.MX RT1060,Cortex-M7,480,4096,1024,8000,ML-KEM-512,384091,457452,572295,800,953,1192,1,1,2,PASS,ML-KEM-1024
STM32F411CEU6,Cortex-M4,90,512,128,20000,ML-KEM-1024,1099817,1241693,1458357,12220,13796,16203,61,68,81,PASS,ML-KEM-1024
STM32H753ZIT6,Cortex-M7,576,2048,1024,30000,ML-KEM-1024,1007077,1136989,1335384,1748,1973,2318,6,7,9,PASS,ML-KEM-1024
SiFive HiFive1,RISC-V FE310,288,16384,16,50000,ML-KEM-512,3379089,4024494,5034842,11732,13973,17482,58,69,87,PASS,ML-KEM-512
STM32H743VIT6,Cortex-M7,440,2048,1024,50000,ML-KEM-768,630269,738675,891830,1432,1678,2026,2,3,4,PASS,ML-KEM-1024
SAMD21G18,Cortex-M0+,52,256,32,50000,ML-KEM-768,799477,936987,1131259,15374,18018,21754,76,90,108,PASS,ML-KEM-1024
STM32H743VIT6,Cortex-M7,400,2048,1024,30000,ML-KEM-512,392042,466922,584142,980,1167,1460,1,2,2,PASS,ML-KEM-1024
STM32F407VGT6,Cortex-M4,201,1024,192,10000,ML-KEM-512,438700,522491,653663,2182,2599,3252,6,7,9,PASS,ML-KEM-1024
STM32F407VGT6,Cortex-M4,168,1024,192,8000,ML-KEM-1024,1122126,1266880,1487939,6679,7540,8856,33,37,44,PASS,ML-KEM-768
nRF52840,Cortex-M4,70,1024,256,15000,ML-KEM-1024,1132308,1278375,1501440,16175,18262,21449,80,91,107,PASS,ML-KEM-768
ESP32-C3,RISC-V RV32,160,4096,400,10000,ML-KEM-512,1855437,2209825,2764601,11596,13811,17278,57,69,86,PASS,UNSUPPORTED
STM32H753ZIT6,Cortex-M7,528,2048,1024,20000,ML-KEM-768,646547,757753,914864,1224,1435,1732,2,2,3,PASS,ML-KEM-1024
ESP32-C3,RISC-V RV32,144,4096,400,10000,ML-KEM-512,1834284,2184632,2733083,12738,15171,18979,63,75,94,PASS,UNSUPPORTED
SiFive HiFive1,RISC-V FE310,256,16384,16,15000,ML-KEM-768,OOM,OOM,OOM,OOM,OOM,OOM,108,127,154,OOM,UNSUPPORTED
SiFive HiFive1,RISC-V FE310,352,16384,16,8000,ML-KEM-512,3415099,4067382,5088497,9701,11555,14455,48,57,72,PASS,UNSUPPORTED
STM32F407VGT6,Cortex-M4,201,1024,192,10000,ML-KEM-512,424349,505399,632280,2111,2514,3145,6,7,9,PASS,ML-KEM-1024
SiFive HiFive1,RISC-V FE310,384,16384,16,8000,ML-KEM-512,3310307,3942575,4932357,8620,10267,12844,43,51,64,PASS,UNSUPPORTED
ESP32-WROOM,Xtensa LX6,288,4096,520,8000,ML-KEM-1024,3610994,4076812,4788178,12538,14155,16625,100,113,133,PASS,ML-KEM-512
RP2040,Cortex-M0+,146,2048,264,15000,ML-KEM-1024,1203669,1358942,1596065,8244,9307,10931,65,74,87,PASS,ML-KEM-1024
STM32H743VIT6,Cortex-M7,360,2048,1024,2000,ML-KEM-1024,1017078,1148281,1348645,2825,3189,3746,11,12,14,PASS,ML-KEM-512
SAMD21G18,Cortex-M0+,52,256,32,30000,ML-KEM-768,802805,940887,1135969,15438,18093,21845,77,90,109,PASS,ML-KEM-768
ESP32-C3,RISC-V RV32,160,4096,400,15000,ML-KEM-768,3057741,3583672,4326703,19110,22397,27041,95,111,135,PASS,UNSUPPORTED
ESP32-WROOM,Xtensa LX6,192,4096,520,8000,ML-KEM-1024,3684848,4160193,4886108,19191,21667,25448,153,173,203,PASS,UNSUPPORTED
CH32V307,RISC-V RV32,115,256,64,5000,ML-KEM-768,3086480,3617354,4367369,26838,31455,37977,134,157,189,PASS,UNSUPPORTED
SAMD21G18,Cortex-M0+,38,256,32,20000,ML-KEM-768,787987,923520,1115001,20736,24303,29342,103,121,146,PASS,ML-KEM-512
SiFive HiFive1,RISC-V FE310,320,16384,16,2000,ML-KEM-512,3343696,3982341,4982107,10449,12444,15569,52,62,77,PASS,UNSUPPORTED
i.MX RT1060,Cortex-M7,480,4096,1024,15000,ML-KEM-768,633840,742860,896883,1320,1547,1868,2,3,3,PASS,ML-KEM-1024
STM32H743VIT6,Cortex-M7,480,2048,1024,50000,ML-KEM-768,644887,755807,912515,1343,1574,1901,2,3,3,PASS,ML-KEM-1024
SAMD21G18,Cortex-M0+,57,256,32,30000,ML-KEM-768,788194,923763,1115294,13827,16206,19566,69,81,97,PASS,ML-KEM-1024
RP2040,Cortex-M0+,133,2048,264,5000,ML-KEM-1024,1203019,1358208,1595203,9045,10212,11994,72,81,95,PASS,UNSUPPORTED
STM32F407VGT6,Cortex-M4,151,1024,192,2000,ML-KEM-1024,1105748,1248389,1466221,7322,8267,9710,36,41,48,PASS,UNSUPPORTED
STM32F407VGT6,Cortex-M4,201,1024,192,8000,ML-KEM-512,433001,515704,645171,2154,2565,3209,6,7,9,PASS,ML-KEM-1024
STM32H743VIT6,Cortex-M7,440,2048,1024,20000,ML-KEM-1024,991130,1118985,1314238,2252,2543,2986,9,10,11,PASS,ML-KEM-1024
STM32F411CEU6,Cortex-M4,80,512,128,5000,ML-KEM-512,430699,512962,641741,5383,6412,8021,16,19,24,PASS,UNSUPPORTED
ESP32-WROOM,Xtensa LX6,216,4096,520,2000,ML-KEM-768,2319149,2718042,3281595,10736,12583,15192,53,62,75,PASS,UNSUPPORTED
MSP432P401R,Cortex-M4,48,256,64,15000,ML-KEM-768,711804,834234,1007202,14829,17379,20983,44,52,62,PASS,ML-KEM-512
i.MX RT1060,Cortex-M7,480,4096,1024,10000,ML-KEM-1024,992393,1120411,1315913,2067,2334,2741,8,9,10,PASS,ML-KEM-1024
STM32F103C8T6,Cortex-M3,57,64,20,3000,ML-KEM-768,726343,851273,1027775,12742,14934,18031,50,59,72,PASS,UNSUPPORTED
STM32F411CEU6,Cortex-M4,120,512,128,10000,ML-KEM-1024,1095967,1237346,1453252,9133,10311,12110,45,51,60,PASS,ML-KEM-768
ESP32-WROOM,Xtensa LX6,240,4096,520,15000,ML-KEM-1024,3609243,4074835,4785856,15038,16978,19941,120,135,159,PASS,ML-KEM-768
SAMD21G18,Cortex-M0+,52,256,32,5000,ML-KEM-768,805907,944523,1140358,15498,18163,21929,77,90,109,PASS,UNSUPPORTED
i.MX RT1060,Cortex-M7,600,4096,1024,20000,ML-KEM-1024,999965,1128960,1325953,1666,1881,2209,6,7,8,PASS,ML-KEM-1024
MSP432P401R,Cortex-M4,57,256,64,8000,ML-KEM-512,434197,517128,646953,7617,9072,11350,22,27,34,PASS,UNSUPPORTED
i.MX RT1060,Cortex-M7,480,4096,1024,50000,ML-KEM-768,635715,745057,899536,1324,1552,1874,2,3,3,PASS,ML-KEM-1024
nRF52840,Cortex-M4,51,1024,256,3000,ML-KEM-512,436757,520177,650767,8563,10199,12760,25,30,38,PASS,UNSUPPORTED
ESP32-WROOM,Xtensa LX6,288,4096,520,8000,ML-KEM-1024,3655352,4126892,4846996,12692,14329,16829,101,114,134,PASS,ML-KEM-512
SAMD21G18,Cortex-M0+,48,256,32,50000,ML-KEM-768,785750,920899,1111836,16369,19185,23163,81,95,115,PASS,ML-KEM-1024
STM32F103C8T6,Cortex-M3,86,64,20,30000,ML-KEM-512,452100,538451,673629,5256,6261,7832,21,25,31,PASS,ML-KEM-768
MSP432P401R,Cortex-M4,38,256,64,30000,ML-KEM-512,431316,513697,642660,11350,13518,16912,34,40,50,PASS,ML-KEM-768
MSP432P401R,Cortex-M4,57,256,64,2000,ML-KEM-1024,1111325,1254685,1473616,19496,22012,25852,97,110,129,PASS,UNSUPPORTED
ESP32-C3,RISC-V RV32,160,4096,400,2000,ML-KEM-768,3010141,3527885,4259349,18813,22049,26620,94,110,133,PASS,UNSUPPORTED
STM32F072RBT6,Cortex-M0,43,128,16,3000,ML-KEM-512,504088,600368,751091,11722,13962,17467,58,69,87,PASS,UNSUPPORTED
SiFive HiFive1,RISC-V FE310,256,16384,16,50000,ML-KEM-512,3429477,4084507,5109920,13396,15955,19960,66,79,99,PASS,ML-KEM-512
RP2040,Cortex-M0+,146,2048,264,2000,ML-KEM-768,795091,931846,1125053,5445,6382,7705,27,31,38,PASS,UNSUPPORTED
ESP32-C3,RISC-V RV32,144,4096,400,20000,ML-KEM-768,3099931,3633119,4386402,21527,25229,30461,107,126,152,PASS,ML-KEM-512
STM32F411CEU6,Cortex-M4,110,512,128,20000,ML-KEM-768,697552,817530,987036,6341,7432,8973,19,22,26,PASS,ML-KEM-1024
STM32H743VIT6,Cortex-M7,480,2048,1024,5000,ML-KEM-1024,1012382,1142979,1342418,2109,2381,2796,8,9,11,PASS,ML-KEM-1024
RP2040,Cortex-M0+,119,2048,264,50000,ML-KEM-768,798920,936334,1130471,6713,7868,9499,33,39,47,PASS,ML-KEM-1024
SiFive HiFive1,RISC-V FE310,288,16384,16,2000,ML-KEM-512,3435397,4091557,5118741,11928,14206,17773,59,71,88,PASS,UNSUPPORTED
MSP432P401R,Cortex-M4,57,256,64,20000,ML-KEM-1024,1107625,1250508,1468710,19432,21938,25766,97,109,128,PASS,ML-KEM-768
STM32F103C8T6,Cortex-M3,64,64,20,30000,ML-KEM-768,721901,846067,1021489,11279,13219,15960,45,52,63,PASS,ML-KEM-768
STM32F103C8T6,Cortex-M3,57,64,20,2000,ML-KEM-1024,OOM,OOM,OOM,OOM,OOM,OOM,120,136,159,OOM,UNSUPPORTED
ESP32-C3,RISC-V RV32,128,4096,400,8000,ML-KEM-512,1817979,2165212,2708788,14202,16915,21162,71,84,105,PASS,UNSUPPORTED
i.MX RT1060,Cortex-M7,480,4096,1024,30000,ML-KEM-1024,1004867,1134494,1332453,2093,2363,2775,8,9,11,PASS,ML-KEM-1024
CH32V307,RISC-V RV32,115,256,64,8000,ML-KEM-1024,4692858,5298236,6222729,40807,46071,54110,326,368,432,PASS,UNSUPPORTED
MSP432P401R,Cortex-M4,43,256,64,50000,ML-KEM-512,435474,518649,648856,10127,12061,15089,30,36,45,PASS,ML-KEM-1024
ESP32-C3,RISC-V RV32,128,4096,400,5000,ML-KEM-1024,4874354,5503145,6463393,38080,42993,50495,304,343,403,PASS,UNSUPPORTED
STM32F103C8T6,Cortex-M3,86,64,20,15000,ML-KEM-1024,OOM,OOM,OOM,OOM,OOM,OOM,80,90,106,OOM,ML-KEM-768
STM32H743VIT6,Cortex-M7,400,2048,1024,8000,ML-KEM-768,644556,755419,912046,1611,1888,2280,3,3,4,PASS,ML-KEM-1024
STM32H743VIT6,Cortex-M7,480,2048,1024,8000,ML-KEM-768,629932,738280,891353,1312,1538,1856,2,3,3,PASS,ML-KEM-1024
STM32F072RBT6,Cortex-M0,57,128,16,5000,ML-KEM-1024,OOM,OOM,OOM,OOM,OOM,OOM,177,200,235,OOM,UNSUPPORTED
STM32H753ZIT6,Cortex-M7,528,2048,1024,2000,ML-KEM-768,646216,757365,914395,1223,1434,1731,2,2,3,PASS,ML-KEM-768
STM32H743VIT6,Cortex-M7,440,2048,1024,50000,ML-KEM-768,639986,750063,905580,1454,1704,2058,2,3,4,PASS,ML-KEM-1024
STM32F411CEU6,Cortex-M4,90,512,128,10000,ML-KEM-768,700492,820976,991196,7783,9121,11013,23,27,33,PASS,ML-KEM-512
STM32H753ZIT6,Cortex-M7,528,2048,1024,8000,ML-KEM-512,381931,454879,569077,723,861,1077,1,1,2,PASS,ML-KEM-1024
SiFive HiFive1,RISC-V FE310,288,16384,16,30000,ML-KEM-512,3379291,4024735,5035143,11733,13974,17483,58,69,87,PASS,ML-KEM-512
STM32F411CEU6,Cortex-M4,120,512,128,50000,ML-KEM-512,429163,511133,639452,3576,4259,5328,10,12,15,PASS,ML-KEM-1024
STM32F407VGT6,Cortex-M4,151,1024,192,15000,ML-KEM-1024,1094260,1235419,1450988,7246,8181,9609,36,40,48,PASS,ML-KEM-1024
MSP432P401R,Cortex-M4,48,256,64,3000,ML-KEM-1024,1122998,1267864,1489095,23395,26413,31022,116,132,155,PASS,UNSUPPORTED
STM32F103C8T6,Cortex-M3,57,64,20,10000,ML-KEM-768,737085,863863,1042975,12931,15155,18297,51,60,73,PASS,UNSUPPORTED
i.MX RT1060,Cortex-M7,480,4096,1024,3000,ML-KEM-512,389691,464121,580639,811,966,1209,1,1,2,PASS,ML-KEM-1024
i.MX RT1060,Cortex-M7,720,4096,1024,8000,ML-KEM-768,627605,735553,888061,871,1021,1233,1,2,2,PASS,ML-KEM-1024
ESP32-WROOM,Xtensa LX6,240,4096,520,10000,ML-KEM-512,1403630,1671723,2091408,5848,6965,8714,29,34,43,PASS,ML-KEM-512
STM32F103C8T6,Cortex-M3,57,64,20,30000,ML-KEM-512,448482,534142,668238,7868,9370,11723,31,37,46,PASS,ML-KEM-768
SiFive HiFive1,RISC-V FE310,288,16384,16,20000,ML-KEM-512,3377902,4023081,5033073,11728,13969,17475,58,69,87,PASS,ML-KEM-512
ESP32-C3,RISC-V RV32,160,4096,400,20000,ML-KEM-768,3044091,3567674,4307388,19025,22297,26921,95,111,134,PASS,ML-KEM-512
nRF52840,Cortex-M4,64,1024,256,10000,ML-KEM-768,709827,831917,1004405,11091,12998,15693,33,38,47,PASS,UNSUPPORTED
MSP432P401R,Cortex-M4,52,256,64,3000,ML-KEM-1024,1111641,1255042,1474035,21377,24135,28346,106,120,141,PASS,UNSUPPORTED
CH32V307,RISC-V RV32,144,256,64,8000,ML-KEM-768,3017251,3536218,4269410,20953,24557,29648,104,122,148,PASS,UNSUPPORTED
STM32F072RBT6,Cortex-M0,57,128,16,8000,ML-KEM-1024,OOM,OOM,OOM,OOM,OOM,OOM,173,196,230,OOM,UNSUPPORTED
STM32F407VGT6,Cortex-M4,201,1024,192,20000,ML-KEM-768,699599,819930,989932,3480,4079,4925,10,12,14,PASS,ML-KEM-1024
nRF52840,Cortex-M4,57,1024,256,20000,ML-KEM-1024,1127841,1273332,1495517,19786,22339,26237,98,111,131,PASS,ML-KEM-768
MSP432P401R,Cortex-M4,57,256,64,15000,ML-KEM-768,716937,840250,1014465,12577,14741,17797,37,44,53,PASS,ML-KEM-512
MSP432P401R,Cortex-M4,52,256,64,30000,ML-KEM-512,435101,518205,648300,8367,9965,12467,25,29,37,PASS,ML-KEM-1024
nRF52840,Cortex-M4,57,1024,256,5000,ML-KEM-1024,1115072,1258916,1478585,19562,22086,25940,97,110,129,PASS,UNSUPPORTED
SAMD21G18,Cortex-M0+,57,256,32,2000,ML-KEM-1024,1182530,1335076,1568034,20746,23422,27509,165,187,220,PASS,UNSUPPORTED
CH32V307,RISC-V RV32,115,256,64,2000,ML-KEM-512,1843517,2195628,2746840,16030,19092,23885,80,95,119,PASS,UNSUPPORTED
CH32V307,RISC-V RV32,129,256,64,3000,ML-KEM-1024,4713276,5321288,6249803,36537,41250,48448,292,330,387,PASS,UNSUPPORTED
STM32F103C8T6,Cortex-M3,86,64,20,30000,ML-KEM-768,719129,842819,1017567,8361,9800,11832,33,39,47,PASS,ML-KEM-768
STM32H743VIT6,Cortex-M7,480,2048,1024,30000,ML-KEM-1024,997515,1126194,1322704,2078,2346,2755,8,9,11,PASS,ML-KEM-1024
STM32F072RBT6,Cortex-M0,57,128,16,50000,ML-KEM-768,OOM,OOM,OOM,OOM,OOM,OOM,71,83,101,OOM,ML-KEM-512
STM32H753ZIT6,Cortex-M7,480,2048,1024,50000,ML-KEM-768,622735,729845,881170,1297,1520,1835,2,3,3,PASS,ML-KEM-1024
CH32V307,RISC-V RV32,158,256,64,5000,ML-KEM-512,1880935,2240193,2802593,11904,14178,17737,59,70,88,PASS,UNSUPPORTED
STM32H753ZIT6,Cortex-M7,432,2048,1024,8000,ML-KEM-512,386844,460731,576397,895,1066,1334,1,2,2,PASS,ML-KEM-1024
STM32F407VGT6,Cortex-M4,168,1024,192,10000,ML-KEM-768,697517,817489,986986,4151,4866,5874,12,14,17,PASS,ML-KEM-1024
STM32F411CEU6,Cortex-M4,110,512,128,8000,ML-KEM-1024,1100795,1242797,1459654,10007,11298,13269,50,56,66,PASS,ML-KEM-512
STM32H743VIT6,Cortex-M7,320,2048,1024,2000,ML-KEM-512,383541,456797,571476,1198,1427,1785,2,2,3,PASS,ML-KEM-512
STM32F411CEU6,Cortex-M4,120,512,128,30000,ML-KEM-512,433446,516234,645834,3612,4301,5381,10,12,16,PASS,ML-KEM-1024
SiFive HiFive1,RISC-V FE310,288,16384,16,3000,ML-KEM-768,OOM,OOM,OOM,OOM,OOM,OOM,97,114,137,OOM,UNSUPPORTED
STM32H743VIT6,Cortex-M7,400,2048,1024,3000,ML-KEM-1024,1014732,1145632,1345534,2536,2864,3363,10,11,13,PASS,ML-KEM-768
STM32F103C8T6,Cortex-M3,64,64,20,30000,ML-KEM-768,718723,842343,1016993,11230,13161,15890,44,52,63,PASS,ML-KEM-768
RP2040,Cortex-M0+,133,2048,264,50000,ML-KEM-1024,1212620,1369047,1607934,9117,10293,12089,72,82,96,PASS,ML-KEM-1024
SAMD21G18,Cortex-M0+,48,256,32,2000,ML-KEM-512,486688,579645,725165,10139,12075,15107,50,60,75,PASS,UNSUPPORTED
ESP32-C3,RISC-V RV32,176,4096,400,3000,ML-KEM-768,2998953,3514772,4243518,17039,19970,24110,85,99,120,PASS,UNSUPPORTED
STM32F103C8T6,Cortex-M3,86,64,20,20000,ML-KEM-1024,OOM,OOM,OOM,OOM,OOM,OOM,81,92,108,OOM,ML-KEM-768
nRF52840,Cortex-M4,70,1024,256,5000,ML-KEM-1024,1122979,1267843,1489070,16042,18112,21272,80,90,106,PASS,UNSUPPORTED
STM32H753ZIT6,Cortex-M7,480,2048,1024,2000,ML-KEM-512,384031,457380,572206,800,952,1192,1,1,2,PASS,ML-KEM-768
CH32V307,RISC-V RV32,115,256,64,15000,ML-KEM-1024,4831433,5454687,6406480,42012,47432,55708,336,379,445,PASS,UNSUPPORTED
i.MX RT1060,Cortex-M7,660,4096,1024,15000,ML-KEM-512,387065,460994,576726,586,698,873,1,1,1,PASS,ML-KEM-1024
ESP32-C3,RISC-V RV32,176,4096,400,30000,ML-KEM-512,1839330,2190642,2740601,10450,12446,15571,52,62,77,PASS,ML-KEM-768
STM32F411CEU6,Cortex-M4,110,512,128,5000,ML-KEM-1024,1116823,1260893,1480907,10152,11462,13462,50,57,67,PASS,UNSUPPORTED
STM32F411CEU6,Cortex-M4,80,512,128,10000,ML-KEM-512,434762,517801,647795,5434,6472,8097,16,19,24,PASS,ML-KEM-512
RP2040,Cortex-M0+,133,2048,264,5000,ML-KEM-768,804756,943174,1138729,6050,7091,8561,30,35,42,PASS,UNSUPPORTED
STM32H743VIT6,Cortex-M7,360,2048,1024,20000,ML-KEM-768,631461,740072,893517,1754,2055,2481,3,4,4,PASS,ML-KEM-1024
RP2040,Cortex-M0+,106,2048,264,10000,ML-KEM-768,793528,930014,1122842,7486,8773,10592,37,43,52,PASS,ML-KEM-512
STM32F407VGT6,Cortex-M4,134,1024,192,5000,ML-KEM-512,425697,507005,634288,3176,3783,4733,9,11,14,PASS,ML-KEM-512
MSP432P401R,Cortex-M4,57,256,64,50000,ML-KEM-1024,1108906,1251954,1470409,19454,21964,25796,97,109,128,PASS,ML-KEM-1024
STM32F072RBT6,Cortex-M0,38,128,16,15000,ML-KEM-1024,OOM,OOM,OOM,OOM,OOM,OOM,260,293,345,OOM,UNSUPPORTED
i.MX RT1060,Cortex-M7,600,4096,1024,20000,ML-KEM-512,381794,454716,568873,636,757,948,1,1,1,PASS,ML-KEM-1024
STM32F411CEU6,Cortex-M4,80,512,128,50000,ML-KEM-512,432328,514902,644168,5404,6436,8052,16,19,24,PASS,ML-KEM-1024
SAMD21G18,Cortex-M0+,52,256,32,5000,ML-KEM-512,480517,572295,715970,9240,11005,13768,46,55,68,PASS,UNSUPPORTED
STM32F407VGT6,Cortex-M4,184,1024,192,5000,ML-KEM-512,425349,506590,633770,2311,2753,3444,6,8,10,PASS,ML-KEM-512
STM32F407VGT6,Cortex-M4,184,1024,192,10000,ML-KEM-768,717485,840892,1015241,3899,4570,5517,11,13,16,PASS,ML-KEM-1024
nRF52840,Cortex-M4,64,1024,256,8000,ML-KEM-1024,1118566,1262861,1483218,17477,19732,23175,87,98,115,PASS,UNSUPPORTED
i.MX RT1060,Cortex-M7,720,4096,1024,8000,ML-KEM-768,625017,732519,884399,868,1017,1228,1,2,2,PASS,ML-KEM-1024
STM32F407VGT6,Cortex-M4,134,1024,192,20000,ML-KEM-768,719158,842853,1017608,5366,6289,7594,16,18,22,PASS,ML-KEM-1024
STM32F411CEU6,Cortex-M4,100,512,128,30000,ML-KEM-768,707494,829182,1001104,7074,8291,10011,21,24,30,PASS,ML-KEM-1024
CH32V307,RISC-V RV32,172,256,64,5000,ML-KEM-768,3018192,3537321,4270741,17547,20565,24829,87,102,124,PASS,UNSUPPORTED
SiFive HiFive1,RISC-V FE310,288,16384,16,30000,ML-KEM-768,OOM,OOM,OOM,OOM,OOM,OOM,94,111,134,OOM,ML-KEM-512
STM32F411CEU6,Cortex-M4,100,512,128,10000,ML-KEM-1024,1121679,1266375,1487346,11216,12663,14873,56,63,74,PASS,ML-KEM-512
MSP432P401R,Cortex-M4,57,256,64,8000,ML-KEM-768,705946,827368,998913,12385,14515,17524,37,43,52,PASS,UNSUPPORTED
CH32V307,RISC-V RV32,158,256,64,15000,ML-KEM-512,1881972,2241428,2804138,11911,14186,17747,59,70,88,PASS,UNSUPPORTED
STM32F103C8T6,Cortex-M3,86,64,20,50000,ML-KEM-512,448234,533846,667868,5212,6207,7765,20,24,31,PASS,ML-KEM-768
STM32H753ZIT6,Cortex-M7,384,2048,1024,30000,ML-KEM-1024,986409,1113655,1307978,2568,2900,3406,10,11,13,PASS,ML-KEM-1024
ESP32-C3,RISC-V RV32,160,4096,400,3000,ML-KEM-768,3061034,3587531,4331363,19131,22422,27071,95,112,135,PASS,UNSUPPORTED
SAMD21G18,Cortex-M0+,48,256,32,8000,ML-KEM-768,803064,941191,1136335,16730,19608,23673,83,98,118,PASS,UNSUPPORTED
SiFive HiFive1,RISC-V FE310,352,16384,16,20000,ML-KEM-512,3364012,4006538,5012377,9556,11382,14239,47,56,71,PASS,ML-KEM-512
i.MX RT1060,Cortex-M7,660,4096,1024,20000,ML-KEM-1024,998263,1127038,1323696,1512,1707,2005,6,6,8,PASS,ML-KEM-1024
ESP32-WROOM,Xtensa LX6,264,4096,520,50000,ML-KEM-512,1436512,1710885,2140402,5441,6480,8107,27,32,40,PASS,ML-KEM-1024
nRF52840,Cortex-M4,76,1024,256,3000,ML-KEM-512,435725,518948,649230,5733,6828,8542,17,20,25,PASS,UNSUPPORTED
STM32H743VIT6,Cortex-M7,400,2048,1024,5000,ML-KEM-1024,1002498,1131820,1329312,2506,2829,3323,10,11,13,PASS,ML-KEM-1024
i.MX RT1060,Cortex-M7,660,4096,1024,15000,ML-KEM-768,624990,732488,884360,946,1109,1339,1,2,2,PASS,ML-KEM-1024
RP2040,Cortex-M0+,133,2048,264,8000,ML-KEM-1024,1216898,1373877,1613606,9149,10329,12132,73,82,97,PASS,ML-KEM-512
STM32H753ZIT6,Cortex-M7,576,2048,1024,8000,ML-KEM-768,631802,740471,893999,1096,1285,1552,2,2,3,PASS,ML-KEM-1024
MSP432P401R,Cortex-M4,57,256,64,50000,ML-KEM-512,428414,510241,638336,7516,8951,11198,22,26,33,PASS,ML-KEM-1024
STM32F072RBT6,Cortex-M0,52,128,16,3000,ML-KEM-768,OOM,OOM,OOM,OOM,OOM,OOM,79,93,112,OOM,UNSUPPORTED
RP2040,Cortex-M0+,106,2048,264,5000,ML-KEM-768,791995,928218,1120672,7471,8756,10572,37,43,52,PASS,UNSUPPORTED
MSP432P401R,Cortex-M4,43,256,64,50000,ML-KEM-768,705158,826445,997798,16399,19219,23204,49,57,69,PASS,ML-KEM-1024
RP2040,Cortex-M0+,146,2048,264,30000,ML-KEM-768,784184,919063,1109620,5371,6294,7600,26,31,38,PASS,ML-KEM-1024
STM32F072RBT6,Cortex-M0,38,128,16,2000,ML-KEM-768,OOM,OOM,OOM,OOM,OOM,OOM,110,129,155,OOM,UNSUPPORTED
STM32H743VIT6,Cortex-M7,360,2048,1024,8000,ML-KEM-1024,985004,1112069,1306115,2736,3089,3628,10,12,14,PASS,ML-KEM-1024
SAMD21G18,Cortex-M0+,48,256,32,50000,ML-KEM-768,812634,952407,1149877,16929,19841,23955,84,99,119,PASS,ML-KEM-1024
STM32F103C8T6,Cortex-M3,79,64,20,5000,ML-KEM-512,447500,532972,666775,5664,6746,8440,22,26,33,PASS,UNSUPPORTED
STM32F411CEU6,Cortex-M4,110,512,128,2000,ML-KEM-1024,1118080,1262312,1482574,10164,11475,13477,50,57,67,PASS,UNSUPPORTED
STM32F103C8T6,Cortex-M3,79,64,20,20000,ML-KEM-768,717490,840898,1015248,9082,10644,12851,36,42,51,PASS,ML-KEM-768
STM32F103C8T6,Cortex-M3,64,64,20,10000,ML-KEM-1024,OOM,OOM,OOM,OOM,OOM,OOM,109,123,144,OOM,UNSUPPORTED
RP2040,Cortex-M0+,159,2048,264,3000,ML-KEM-1024,1189911,1343409,1577821,7483,8449,9923,59,67,79,PASS,UNSUPPORTED
nRF52840,Cortex-M4,57,1024,256,30000,ML-KEM-512,426990,508545,636215,7491,8921,11161,22,26,33,PASS,ML-KEM-1024
CH32V307,RISC-V RV32,158,256,64,50000,ML-KEM-1024,4744322,5356339,6290970,30027,33900,39816,240,271,318,PASS,ML-KEM-1024
STM32F411CEU6,Cortex-M4,120,512,128,20000,ML-KEM-1024,1095825,1237186,1453063,9131,10309,12108,45,51,60,PASS,ML-KEM-1024
nRF52840,Cortex-M4,70,1024,256,5000,ML-KEM-1024,1122170,1266929,1487997,16031,18098,21257,80,90,106,PASS,UNSUPPORTED
STM32F407VGT6,Cortex-M4,201,1024,192,3000,ML-KEM-1024,1096703,1238177,1454228,5456,6160,7234,27,30,36,PASS,UNSUPPORTED
RP2040,Cortex-M0+,119,2048,264,10000,ML-KEM-512,478851,570311,713487,4023,4792,5995,20,23,29,PASS,ML-KEM-768
SiFive HiFive1,RISC-V FE310,288,16384,16,50000,ML-KEM-768,OOM,OOM,OOM,OOM,OOM,OOM,95,112,135,OOM,ML-KEM-512
SAMD21G18,Cortex-M0+,57,256,32,20000,ML-KEM-768,787969,923499,1114976,13824,16201,19560,69,81,97,PASS,ML-KEM-768
STM32H743VIT6,Cortex-M7,480,2048,1024,5000,ML-KEM-1024,984701,1111727,1305713,2051,2316,2720,8,9,10,PASS,ML-KEM-1024
STM32F407VGT6,Cortex-M4,151,1024,192,5000,ML-KEM-768,719169,842866,1017624,4762,5581,6739,14,16,20,PASS,ML-KEM-512
i.MX RT1060,Cortex-M7,480,4096,1024,15000,ML-KEM-512,384762,458251,573295,801,954,1194,1,1,2,PASS,ML-KEM-1024
STM32F103C8T6,Cortex-M3,79,64,20,50000,ML-KEM-1024,OOM,OOM,OOM,OOM,OOM,OOM,87,99,116,OOM,ML-KEM-768
STM32F411CEU6,Cortex-M4,110,512,128,20000,ML-KEM-1024,1128131,1273659,1495901,10255,11578,13599,51,57,67,PASS,ML-KEM-1024
MSP432P401R,Cortex-M4,43,256,64,3000,ML-KEM-1024,1092113,1232995,1448141,25397,28674,33677,126,143,168,PASS,UNSUPPORTED
ESP32-C3,RISC-V RV32,144,4096,400,10000,ML-KEM-512,1833339,2183506,2731675,12731,15163,18969,63,75,94,PASS,UNSUPPORTED
STM32H753ZIT6,Cortex-M7,480,2048,1024,5000,ML-KEM-768,636667,746173,900883,1326,1554,1876,2,3,3,PASS,ML-KEM-1024
ESP32-C3,RISC-V RV32,176,4096,400,50000,ML-KEM-1024,4706045,5313124,6240215,26738,30188,35455,213,241,283,PASS,ML-KEM-1024
RP2040,Cortex-M0+,133,2048,264,50000,ML-KEM-768,799342,936828,1131068,6010,7043,8504,30,35,42,PASS,ML-KEM-1024
ESP32-C3,RISC-V RV32,128,4096,400,30000,ML-KEM-1024,4726185,5335862,6266921,36923,41686,48960,295,333,391,PASS,ML-KEM-512
STM32F411CEU6,Cortex-M4,80,512,128,8000,ML-KEM-768,720100,843957,1018941,9001,10549,12736,27,31,38,PASS,UNSUPPORTED
STM32F072RBT6,Cortex-M0,52,128,16,10000,ML-KEM-768,OOM,OOM,OOM,OOM,OOM,OOM,81,95,114,OOM,UNSUPPORTED
RP2040,Cortex-M0+,146,2048,264,3000,ML-KEM-512,479371,570930,714262,3283,3910,4892,16,19,24,PASS,UNSUPPORTED
SiFive HiFive1,RISC-V FE310,384,16384,16,15000,ML-KEM-1024,OOM,OOM,OOM,OOM,OOM,OOM,181,205,241,OOM,ML-KEM-512
STM32F411CEU6,Cortex-M4,90,512,128,5000,ML-KEM-512,436494,519864,650376,4849,5776,7226,14,17,21,PASS,UNSUPPORTED
ESP32-C3,RISC-V RV32,128,4096,400,15000,ML-KEM-1024,4738143,5349363,6282777,37016,41791,49084,296,334,392,PASS,UNSUPPORTED
STM32H753ZIT6,Cortex-M7,432,2048,1024,15000,ML-KEM-1024,989721,1117395,1312370,2291,2586,3037,9,10,12,PASS,ML-KEM-1024
i.MX RT1060,Cortex-M7,600,4096,1024,50000,ML-KEM-1024,1010582,1140947,1340031,1684,1901,2233,6,7,8,PASS,ML-KEM-1024
SAMD21G18,Cortex-M0+,52,256,32,2000,ML-KEM-768,809716,948987,1145748,15571,18249,22033,77,91,110,PASS,UNSUPPORTED
SAMD21G18,Cortex-M0+,43,256,32,8000,ML-KEM-512,489101,582519,728760,11374,13546,16947,56,67,84,PASS,UNSUPPORTED
CH32V307,RISC-V RV32,129,256,64,20000,ML-KEM-768,2996488,3511883,4240030,23228,27223,32868,116,136,164,PASS,UNSUPPORTED
STM32H743VIT6,Cortex-M7,400,2048,1024,20000,ML-KEM-768,633780,742790,896798,1584,1856,2241,3,3,4,PASS,ML-KEM-1024
STM32H743VIT6,Cortex-M7,320,2048,1024,20000,ML-KEM-1024,1007972,1138000,1336570,3149,3556,4176,12,14,16,PASS,ML-KEM-1024
SiFive HiFive1,RISC-V FE310,320,16384,16,30000,ML-KEM-768,OOM,OOM,OOM,OOM,OOM,OOM,85,100,121,OOM,ML-KEM-512
STM32F072RBT6,Cortex-M0,38,128,16,30000,ML-KEM-1024,OOM,OOM,OOM,OOM,OOM,OOM,266,300,353,OOM,ML-KEM-512
nRF52840,Cortex-M4,51,1024,256,50000,ML-KEM-768,701456,822106,992560,13754,16119,19461,41,48,58,PASS,ML-KEM-1024
STM32F411CEU6,Cortex-M4,90,512,128,30000,ML-KEM-768,704437,825600,996778,7827,9173,11075,23,27,33,PASS,ML-KEM-1024
STM32F407VGT6,Cortex-M4,168,1024,192,50000,ML-KEM-1024,1096554,1238009,1454030,6527,7369,8654,32,36,43,PASS,ML-KEM-1024
CH32V307,RISC-V RV32,158,256,64,15000,ML-KEM-1024,4830142,5453230,6404768,30570,34514,40536,244,276,324,PASS,UNSUPPORTED
STM32F072RBT6,Cortex-M0,38,128,16,30000,ML-KEM-512,498032,593156,742067,13106,15609,19528,65,78,97,PASS,ML-KEM-512
CH32V307,RISC-V RV32,129,256,64,30000,ML-KEM-768,2979282,3491718,4215684,23095,27067,32679,115,135,163,PASS,ML-KEM-512
STM32F411CEU6,Cortex-M4,90,512,128,5000,ML-KEM-1024,1104179,1246618,1464141,12268,13851,16268,61,69,81,PASS,UNSUPPORTED
CH32V307,RISC-V RV32,144,256,64,3000,ML-KEM-1024,4753315,5366492,6302895,33009,37267,43770,264,298,350,PASS,UNSUPPORTED
RP2040,Cortex-M0+,133,2048,264,5000,ML-KEM-512,482989,575239,719653,3631,4325,5410,18,21,27,PASS,UNSUPPORTED
STM32F407VGT6,Cortex-M4,151,1024,192,20000,ML-KEM-1024,1094800,1236029,1451704,7250,8185,9613,36,40,48,PASS,ML-KEM-1024
RP2040,Cortex-M0+,106,2048,264,8000,ML-KEM-768,784527,919465,1110105,7401,8674,10472,37,43,52,PASS,ML-KEM-512
i.MX RT1060,Cortex-M7,540,4096,1024,50000,ML-KEM-1024,995807,1124266,1320440,1844,2081,2445,7,8,9,PASS,ML-KEM-1024
STM32F072RBT6,Cortex-M0,48,128,16,3000,ML-KEM-768,OOM,OOM,OOM,OOM,OOM,OOM,87,102,123,OOM,UNSUPPORTED
MSP432P401R,Cortex-M4,38,256,64,8000,ML-KEM-768,697809,817832,987399,18363,21521,25984,55,64,77,PASS,UNSUPPORTED
ESP32-C3,RISC-V RV32,128,4096,400,3000,ML-KEM-768,3023895,3544004,4278811,23624,27687,33428,118,138,167,PASS,UNSUPPORTED
STM32F407VGT6,Cortex-M4,151,1024,192,20000,ML-KEM-512,433529,516333,645958,2871,3419,4277,8,10,12,PASS,ML-KEM-1024
STM32H743VIT6,Cortex-M7,360,2048,1024,3000,ML-KEM-1024,1000526,1129593,1326697,2779,3137,3685,11,12,14,PASS,ML-KEM-768
i.MX RT1060,Cortex-M7,540,4096,1024,30000,ML-KEM-768,640649,750840,906518,1186,1390,1678,2,2,3,PASS,ML-KEM-1024
STM32H743VIT6,Cortex-M7,360,2048,1024,20000,ML-KEM-1024,1005447,1135149,1333222,2792,3153,3703,11,12,14,PASS,ML-KEM-1024
CH32V307,RISC-V RV32,129,256,64,3000,ML-KEM-512,1823360,2171621,2716806,14134,16834,21060,70,84,105,PASS,UNSUPPORTED
RP2040,Cortex-M0+,159,2048,264,20000,ML-KEM-768,812786,952585,1150092,5111,5991,7233,25,29,36,PASS,ML-KEM-1024
nRF52840,Cortex-M4,57,1024,256,8000,ML-KEM-768,713568,836301,1009698,12518,14671,17714,37,44,53,PASS,UNSUPPORTED
STM32F103C8T6,Cortex-M3,86,64,20,10000,ML-KEM-1024,OOM,OOM,OOM,OOM,OOM,OOM,78,88,104,OOM,ML-KEM-512
CH32V307,RISC-V RV32,144,256,64,8000,ML-KEM-1024,4800444,5419701,6365388,33336,37636,44204,266,301,353,PASS,UNSUPPORTED
STM32F103C8T6,Cortex-M3,79,64,20,10000,ML-KEM-1024,OOM,OOM,OOM,OOM,OOM,OOM,85,96,113,OOM,ML-KEM-512
ESP32-WROOM,Xtensa LX6,216,4096,520,30000,ML-KEM-768,2293907,2688459,3245878,10619,12446,15027,53,62,75,PASS,ML-KEM-1024
MSP432P401R,Cortex-M4,57,256,64,3000,ML-KEM-1024,1130306,1276115,1498785,19829,22387,26294,99,111,131,PASS,UNSUPPORTED
STM32F072RBT6,Cortex-M0,48,128,16,15000,ML-KEM-512,503343,599481,749981,10486,12489,15624,52,62,78,PASS,UNSUPPORTED
CH32V307,RISC-V RV32,172,256,64,20000,ML-KEM-768,3045636,3569485,4309574,17707,20752,25055,88,103,125,PASS,ML-KEM-512
SAMD21G18,Cortex-M0+,52,256,32,3000,ML-KEM-512,486694,579652,725174,9359,11147,13945,46,55,69,PASS,UNSUPPORTED
STM32F072RBT6,Cortex-M0,48,128,16,8000,ML-KEM-512,514178,612385,766125,10712,12758,15960,53,63,79,PASS,UNSUPPORTED
ESP32-C3,RISC-V RV32,176,4096,400,50000,ML-KEM-768,3055634,3581203,4323722,17361,20347,24566,86,101,122,PASS,ML-KEM-1024
STM32H753ZIT6,Cortex-M7,528,2048,1024,20000,ML-KEM-1024,994098,1122336,1318173,1882,2125,2496,7,8,9,PASS,ML-KEM-1024
STM32H743VIT6,Cortex-M7,480,2048,1024,50000,ML-KEM-1024,984135,1111088,1304963,2050,2314,2718,8,9,10,PASS,ML-KEM-1024
RP2040,Cortex-M0+,133,2048,264,3000,ML-KEM-1024,1225288,1383350,1624731,9212,10401,12216,73,83,97,PASS,UNSUPPORTED
ESP32-C3,RISC-V RV32,144,4096,400,50000,ML-KEM-768,3026712,3547306,4282797,21018,24634,29741,105,123,148,PASS,ML-KEM-1024
STM32H743VIT6,Cortex-M7,320,2048,1024,10000,ML-KEM-1024,995504,1123924,1320038,3110,3512,4125,12,14,16,PASS,ML-KEM-1024
CH32V307,RISC-V RV32,129,256,64,2000,ML-KEM-512,1819379,2166880,2710874,14103,16797,21014,70,83,105,PASS,UNSUPPORTED
STM32F411CEU6,Cortex-M4,80,512,128,30000,ML-KEM-1024,1117845,1262047,1482262,13973,15775,18528,69,78,92,PASS,ML-KEM-1024
STM32F407VGT6,Cortex-M4,151,1024,192,3000,ML-KEM-512,434672,517694,647661,2878,3428,4289,8,10,12,PASS,UNSUPPORTED
SiFive HiFive1,RISC-V FE310,256,16384,16,5000,ML-KEM-768,OOM,OOM,OOM,OOM,OOM,OOM,110,129,155,OOM,UNSUPPORTED
STM32H753ZIT6,Cortex-M7,576,2048,1024,10000,ML-KEM-512,383026,456183,570708,664,791,990,1,1,1,PASS,ML-KEM-1024
SiFive HiFive1,RISC-V FE310,320,16384,16,3000,ML-KEM-512,3348633,3988221,4989463,10464,12463,15592,52,62,77,PASS,UNSUPPORTED
STM32F411CEU6,Cortex-M4,100,512,128,50000,ML-KEM-512,427000,508557,636230,4270,5085,6362,12,15,19,PASS,ML-KEM-1024
i.MX RT1060,Cortex-M7,480,4096,1024,30000,ML-KEM-768,635273,744539,898911,1323,1551,1872,2,3,3,PASS,ML-KEM-1024
STM32F072RBT6,Cortex-M0,52,128,16,5000,ML-KEM-768,OOM,OOM,OOM,OOM,OOM,OOM,78,92,111,OOM,UNSUPPORTED
ESP32-C3,RISC-V RV32,128,4096,400,3000,ML-KEM-512,1867817,2224570,2783047,14592,17379,21742,72,86,108,PASS,UNSUPPORTED
STM32F072RBT6,Cortex-M0,38,128,16,2000,ML-KEM-512,496449,591270,739709,13064,15559,19466,65,77,97,PASS,UNSUPPORTED
nRF52840,Cortex-M4,70,1024,256,5000,ML-KEM-512,438522,522279,653397,6264,7461,9334,18,22,28,PASS,UNSUPPORTED
CH32V307,RISC-V RV32,115,256,64,50000,ML-KEM-1024,4826015,5448570,6399295,41965,47378,55646,335,379,445,PASS,ML-KEM-768
STM32F411CEU6,Cortex-M4,90,512,128,15000,ML-KEM-512,429643,511704,640168,4773,5685,7112,14,17,21,PASS,ML-KEM-768
SiFive HiFive1,RISC-V FE310,320,16384,16,10000,ML-KEM-512,3380525,4026205,5036982,10564,12581,15740,52,62,78,PASS,UNSUPPORTED
RP2040,Cortex-M0+,159,2048,264,2000,ML-KEM-512,479629,571238,714647,3016,3592,4494,15,17,22,PASS,UNSUPPORTED
STM32H753ZIT6,Cortex-M7,384,2048,1024,20000,ML-KEM-512,390805,465448,582299,1017,1212,1516,2,2,3,PASS,ML-KEM-1024
CH32V307,RISC-V RV32,144,256,64,10000,ML-KEM-768,2989704,3503933,4230431,20761,24332,29377,103,121,146,PASS,UNSUPPORTED
MSP432P401R,Cortex-M4,38,256,64,15000,ML-KEM-512,427494,509145,636966,11249,13398,16762,33,40,50,PASS,UNSUPPORTED
ESP32-C3,RISC-V RV32,160,4096,400,8000,ML-KEM-768,3023982,3544106,4278934,18899,22150,26743,94,110,133,PASS,UNSUPPORTED
MSP432P401R,Cortex-M4,43,256,64,50000,ML-KEM-512,425062,506248,633342,9885,11773,14728,29,35,44,PASS,ML-KEM-1024
ESP32-WROOM,Xtensa LX6,264,4096,520,2000,ML-KEM-512,1422359,1694029,2119314,5387,6416,8027,26,32,40,PASS,UNSUPPORTED
STM32H743VIT6,Cortex-M7,320,2048,1024,15000,ML-KEM-512,388987,463283,579590,1215,1447,1811,2,2,3,PASS,ML-KEM-1024
STM32F411CEU6,Cortex-M4,100,512,128,3000,ML-KEM-512,431602,514037,643086,4316,5140,6430,12,15,19,PASS,UNSUPPORTED
STM32F103C8T6,Cortex-M3,79,64,20,30000,ML-KEM-512,453411,540012,675582,5739,6835,8551,22,27,34,PASS,ML-KEM-768
SAMD21G18,Cortex-M0+,48,256,32,3000,ML-KEM-512,493172,587367,734826,10274,12236,15308,51,61,76,PASS,UNSUPPORTED
ESP32-WROOM,Xtensa LX6,288,4096,520,20000,ML-KEM-1024,3707754,4186054,4916481,12874,14534,17071,102,116,136,PASS,ML-KEM-1024
MSP432P401R,Cortex-M4,38,256,64,3000,ML-KEM-1024,1096684,1238156,1454202,28860,32583,38268,144,162,191,PASS,UNSUPPORTED
CH32V307,RISC-V RV32,158,256,64,3000,ML-KEM-1024,4792967,5411259,6355474,30335,34248,40224,242,273,321,PASS,UNSUPPORTED
STM32F411CEU6,Cortex-M4,90,512,128,8000,ML-KEM-768,702681,823542,994293,7807,9150,11047,23,27,33,PASS,ML-KEM-512
nRF52840,Cortex-M4,70,1024,256,15000,ML-KEM-768,708123,829920,1001994,10116,11856,14314,30,35,42,PASS,ML-KEM-768
STM32F103C8T6,Cortex-M3,57,64,20,8000,ML-KEM-512,449982,535928,670473,7894,9402,11762,31,37,47,PASS,UNSUPPORTED
i.MX RT1060,Cortex-M7,480,4096,1024,5000,ML-KEM-512,379831,452378,565948,791,942,1179,1,1,2,PASS,ML-KEM-1024
MSP432P401R,Cortex-M4,48,256,64,20000,ML-KEM-512,431707,514163,643243,8993,10711,13400,26,32,40,PASS,ML-KEM-512
ESP32-C3,RISC-V RV32,144,4096,400,30000,ML-KEM-768,3035542,3557655,4295291,21080,24705,29828,105,123,149,PASS,ML-KEM-768
CH32V307,RISC-V RV32,115,256,64,3000,ML-KEM-512,1872762,2230459,2790415,16284,19395,24264,81,96,121,PASS,UNSUPPORTED
STM32F407VGT6,Cortex-M4,201,1024,192,2000,ML-KEM-512,436880,520324,650951,2173,2588,3238,6,7,9,PASS,UNSUPPORTED
nRF52840,Cortex-M4,57,1024,256,3000,ML-KEM-1024,1101790,1243920,1460973,19329,21823,25631,96,109,128,PASS,UNSUPPORTED
nRF52840,Cortex-M4,70,1024,256,50000,ML-KEM-512,434143,517064,646873,6202,7386,9241,18,22,27,PASS,ML-KEM-1024
STM32F407VGT6,Cortex-M4,151,1024,192,2000,ML-KEM-768,719527,843285,1018130,4765,5584,6742,14,16,20,PASS,UNSUPPORTED
STM32H753ZIT6,Cortex-M7,576,2048,1024,8000,ML-KEM-512,384415,457838,572778,667,794,994,1,1,1,PASS,ML-KEM-1024
ESP32-C3,RISC-V RV32,144,4096,400,3000,ML-KEM-512,1817563,2164717,2708168,12621,15032,18806,63,75,94,PASS,UNSUPPORTED
ESP32-C3,RISC-V RV32,144,4096,400,5000,ML-KEM-512,1873951,2231875,2792186,13013,15499,19390,65,77,96,PASS,UNSUPPORTED
nRF52840,Cortex-M4,51,1024,256,10000,ML-KEM-512,422842,503604,630034,8291,9874,12353,24,29,37,PASS,UNSUPPORTED
RP2040,Cortex-M0+,119,2048,264,30000,ML-KEM-512,477084,568207,710855,4009,4774,5973,20,23,29,PASS,ML-KEM-1024
CH32V307,RISC-V RV32,144,256,64,3000,ML-KEM-512,1882728,2242329,2805264,13074,15571,19481,65,77,97,PASS,UNSUPPORTED
STM32F072RBT6,Cortex-M0,43,128,16,20000,ML-KEM-1024,OOM,OOM,OOM,OOM,OOM,OOM,232,262,308,OOM,ML-KEM-512
STM32F072RBT6,Cortex-M0,52,128,16,20000,ML-KEM-512,502677,598688,748988,9666,11513,14403,48,57,72,PASS,ML-KEM-512
ESP32-WROOM,Xtensa LX6,216,4096,520,10000,ML-KEM-768,2324968,2724862,3289829,10763,12615,15230,53,63,76,PASS,ML-KEM-512
SAMD21G18,Cortex-M0+,38,256,32,8000,ML-KEM-1024,1195124,1349294,1584734,31450,35507,41703,251,284,333,PASS,UNSUPPORTED
STM32F411CEU6,Cortex-M4,120,512,128,30000,ML-KEM-512,423978,504957,631727,3533,4207,5264,10,12,15,PASS,ML-KEM-1024
STM32F411CEU6,Cortex-M4,90,512,128,20000,ML-KEM-512,433547,516354,645985,4817,5737,7177,14,17,21,PASS,ML-KEM-1024
ESP32-C3,RISC-V RV32,192,4096,400,8000,ML-KEM-1024,4874469,5503275,6463545,25387,28662,33664,203,229,269,PASS,UNSUPPORTED
STM32H753ZIT6,Cortex-M7,384,2048,1024,20000,ML-KEM-1024,992375,1120391,1315889,2584,2917,3426,10,11,13,PASS,ML-KEM-1024
STM32H753ZIT6,Cortex-M7,528,2048,1024,15000,ML-KEM-1024,998095,1126849,1323473,1890,2134,2506,7,8,10,PASS,ML-KEM-1024
STM32F411CEU6,Cortex-M4,100,512,128,5000,ML-KEM-512,427964,509705,637666,4279,5097,6376,12,15,19,PASS,UNSUPPORTED
STM32F103C8T6,Cortex-M3,57,64,20,10000,ML-KEM-512,450494,536538,671236,7903,9412,11776,31,37,47,PASS,UNSUPPORTED
MSP432P401R,Cortex-M4,57,256,64,15000,ML-KEM-1024,1135242,1281688,1505330,19916,22485,26409,99,112,132,PASS,ML-KEM-512
SAMD21G18,Cortex-M0+,38,256,32,8000,ML-KEM-1024,1192523,1346358,1581285,31382,35430,41612,251,283,332,PASS,UNSUPPORTED
STM32H753ZIT6,Cortex-M7,384,2048,1024,8000,ML-KEM-1024,1011832,1142358,1341689,2634,2974,3493,10,11,13,PASS,ML-KEM-1024
ESP32-C3,RISC-V RV32,176,4096,400,15000,ML-KEM-512,1826031,2174802,2720786,10375,12356,15459,51,61,77,PASS,UNSUPPORTED
i.MX RT1060,Cortex-M7,600,4096,1024,15000,ML-KEM-1024,979166,1105478,1298374,1631,1842,2163,6,7,8,PASS,ML-KEM-1024
SiFive HiFive1,RISC-V FE310,320,16384,16,5000,ML-KEM-1024,OOM,OOM,OOM,OOM,OOM,OOM,221,249,293,OOM,UNSUPPORTED
CH32V307,RISC-V RV32,158,256,64,50000,ML-KEM-768,3000547,3516641,4245774,18990,22257,26871,94,111,134,PASS,ML-KEM-1024
STM32F072RBT6,Cortex-M0,38,128,16,2000,ML-KEM-512,507688,604656,756455,13360,15912,19906,66,79,99,PASS,UNSUPPORTED
STM32F072RBT6,Cortex-M0,57,128,16,30000,ML-KEM-512,502228,598153,748319,8811,10493,13128,44,52,65,PASS,ML-KEM-512
i.MX RT1060,Cortex-M7,540,4096,1024,5000,ML-KEM-768,640510,750677,906321,1186,1390,1678,2,2,3,PASS,ML-KEM-1024
ESP32-WROOM,Xtensa LX6,240,4096,520,2000,ML-KEM-512,1399990,1667388,2085985,5833,6947,8691,29,34,43,PASS,UNSUPPORTED
SiFive HiFive1,RISC-V FE310,288,16384,16,3000,ML-KEM-1024,OOM,OOM,OOM,OOM,OOM,OOM,244,276,324,OOM,UNSUPPORTED
RP2040,Cortex-M0+,133,2048,264,20000,ML-KEM-1024,1185769,1338733,1572329,8915,10065,11822,71,80,94,PASS,ML-KEM-1024
STM32F407VGT6,Cortex-M4,168,1024,192,5000,ML-KEM-512,435094,518196,648290,2589,3084,3858,7,9,11,PASS,ML-KEM-512
STM32F411CEU6,Cortex-M4,110,512,128,15000,ML-KEM-512,434660,517680,647643,3951,4706,5887,11,14,17,PASS,ML-KEM-1024
STM32H753ZIT6,Cortex-M7,576,2048,1024,15000,ML-KEM-512,387549,461570,577448,672,801,1002,1,1,2,PASS,ML-KEM-1024
CH32V307,RISC-V RV32,129,256,64,20000,ML-KEM-768,3068453,3596226,4341860,23786,27877,33657,118,139,168,PASS,UNSUPPORTED
STM32F407VGT6,Cortex-M4,151,1024,192,5000,ML-KEM-1024,1090820,1231535,1446427,7223,8155,9578,36,40,47,PASS,ML-KEM-512
SiFive HiFive1,RISC-V FE310,384,16384,16,20000,ML-KEM-1024,OOM,OOM,OOM,OOM,OOM,OOM,177,200,235,OOM,ML-KEM-512
i.MX RT1060,Cortex-M7,600,4096,1024,8000,ML-KEM-1024,1000616,1129695,1326816,1667,1882,2211,6,7,8,PASS,ML-KEM-1024
ESP32-WROOM,Xtensa LX6,264,4096,520,5000,ML-KEM-768,2352865,2757557,3329303,8912,10445,12610,44,52,63,PASS,UNSUPPORTED
STM32F103C8T6,Cortex-M3,72,64,20,15000,ML-KEM-512,447424,532881,666661,6214,7401,9259,24,29,37,PASS,ML-KEM-768
RP2040,Cortex-M0+,133,2048,264,30000,ML-KEM-512,480445,572209,715863,3612,4302,5382,18,21,26,PASS,ML-KEM-1024
STM32F103C8T6,Cortex-M3,57,64,20,15000,ML-KEM-768,740403,867752,1047670,12989,15223,18380,51,60,73,PASS,ML-KEM-512
SiFive HiFive1,RISC-V FE310,256,16384,16,2000,ML-KEM-768,OOM,OOM,OOM,OOM,OOM,OOM,107,126,152,OOM,UNSUPPORTED
STM32F411CEU6,Cortex-M4,90,512,128,20000,ML-KEM-768,720298,844189,1019221,8003,9379,11324,24,28,33,PASS,ML-KEM-1024
nRF52840,Cortex-M4,76,1024,256,20000,ML-KEM-512,436757,520177,650767,5746,6844,8562,17,20,25,PASS,ML-KEM-1024
ESP32-C3,RISC-V RV32,192,4096,400,8000,ML-KEM-512,1846395,2199056,2751128,9616,11453,14328,48,57,71,PASS,UNSUPPORTED
ESP32-C3,RISC-V RV32,128,4096,400,10000,ML-KEM-512,1836585,2187372,2736511,14348,17088,21378,71,85,106,PASS,UNSUPPORTED
RP2040,Cortex-M0+,106,2048,264,15000,ML-KEM-512,492525,586597,733862,4646,5533,6923,23,27,34,PASS,ML-KEM-768
SAMD21G18,Cortex-M0+,38,256,32,50000,ML-KEM-512,481856,573890,717965,12680,15102,18893,63,75,94,PASS,ML-KEM-1024
i.MX RT1060,Cortex-M7,660,4096,1024,2000,ML-KEM-768,646238,757390,914426,979,1147,1385,1,2,2,PASS,ML-KEM-768
SAMD21G18,Cortex-M0+,57,256,32,20000,ML-KEM-512,476338,567318,709743,8356,9952,12451,41,49,62,PASS,ML-KEM-768
nRF52840,Cortex-M4,57,1024,256,8000,ML-KEM-768,715060,838050,1011809,12544,14702,17751,37,44,53,PASS,UNSUPPORTED
SiFive HiFive1,RISC-V FE310,384,16384,16,10000,ML-KEM-1024,OOM,OOM,OOM,OOM,OOM,OOM,179,202,237,OOM,UNSUPPORTED
STM32F103C8T6,Cortex-M3,57,64,20,2000,ML-KEM-768,734101,860366,1038752,12878,15094,18223,51,60,72,PASS,UNSUPPORTED
CH32V307,RISC-V RV32,158,256,64,5000,ML-KEM-512,1839701,2191083,2741154,11643,13867,17349,58,69,86,PASS,UNSUPPORTED
STM32F411CEU6,Cortex-M4,80,512,128,10000,ML-KEM-1024,1118569,1262864,1483222,13982,15785,18540,69,78,92,PASS,ML-KEM-512
MSP432P401R,Cortex-M4,43,256,64,3000,ML-KEM-512,426034,507406,634790,9907,11800,14762,29,35,44,PASS,UNSUPPORTED
STM32H743VIT6,Cortex-M7,400,2048,1024,3000,ML-KEM-768,643731,754452,910879,1609,1886,2277,3,3,4,PASS,ML-KEM-768
STM32F407VGT6,Cortex-M4,184,1024,192,30000,ML-KEM-768,720670,844625,1019748,3916,4590,5542,11,13,16,PASS,ML-KEM-1024
STM32F407VGT6,Cortex-M4,134,1024,192,50000,ML-KEM-768,700521,821010,991237,5227,6126,7397,15,18,22,PASS,ML-KEM-1024
ESP32-WROOM,Xtensa LX6,264,4096,520,15000,ML-KEM-512,1416920,1687551,2111210,5367,6392,7997,26,31,39,PASS,ML-KEM-768
STM32F407VGT6,Cortex-M4,184,1024,192,30000,ML-KEM-768,701695,822386,992898,3813,4469,5396,11,13,16,PASS,ML-KEM-1024
STM32F407VGT6,Cortex-M4,201,1024,192,2000,ML-KEM-512,435437,518605,648801,2166,2580,3227,6,7,9,PASS,UNSUPPORTED
STM32H743VIT6,Cortex-M7,320,2048,1024,3000,ML-KEM-1024,991764,1119701,1315079,3099,3499,4109,12,13,16,PASS,ML-KEM-768
STM32H753ZIT6,Cortex-M7,528,2048,1024,8000,ML-KEM-1024,980474,1106955,1300108,1856,2096,2462,7,8,9,PASS,ML-KEM-1024
STM32F411CEU6,Cortex-M4,120,512,128,20000,ML-KEM-1024,1121328,1265979,1486880,9344,10549,12390,46,52,61,PASS,ML-KEM-1024
ESP32-WROOM,Xtensa LX6,264,4096,520,8000,ML-KEM-768,2311253,2708788,3270422,8754,10260,12387,43,51,61,PASS,UNSUPPORTED
STM32F411CEU6,Cortex-M4,80,512,128,50000,ML-KEM-1024,1130828,1276704,1499477,14135,15958,18743,70,79,93,PASS,ML-KEM-1024
ESP32-C3,RISC-V RV32,192,4096,400,5000,ML-KEM-512,1883244,2242943,2806033,9808,11681,14614,49,58,73,PASS,UNSUPPORTED
MSP432P401R,Cortex-M4,43,256,64,5000,ML-KEM-512,436406,519759,650244,10148,12087,15121,30,36,45,PASS,UNSUPPORTED
SAMD21G18,Cortex-M0+,38,256,32,20000,ML-KEM-512,494472,588916,736763,13012,15497,19388,65,77,96,PASS,ML-KEM-512
STM32F411CEU6,Cortex-M4,90,512,128,5000,ML-KEM-1024,1102221,1244407,1461545,12246,13826,16239,61,69,81,PASS,UNSUPPORTED
ESP32-WROOM,Xtensa LX6,192,4096,520,3000,ML-KEM-768,2335253,2736916,3304382,12162,14254,17210,60,71,86,PASS,UNSUPPORTED
STM32H753ZIT6,Cortex-M7,480,2048,1024,10000,ML-KEM-1024,996329,1124855,1321132,2075,2343,2752,8,9,11,PASS,ML-KEM-1024
CH32V307,RISC-V RV32,115,256,64,50000,ML-KEM-768,2992882,3507657,4234928,26025,30501,36825,130,152,184,PASS,ML-KEM-768
SAMD21G18,Cortex-M0+,43,256,32,3000,ML-KEM-512,486216,579083,724461,11307,13467,16847,56,67,84,PASS,UNSUPPORTED
RP2040,Cortex-M0+,133,2048,264,50000,ML-KEM-768,810062,949392,1146237,6090,7138,8618,30,35,43,PASS,ML-KEM-1024
STM32F407VGT6,Cortex-M4,184,1024,192,30000,ML-KEM-1024,1117850,1262052,1482269,6075,6858,8055,30,34,40,PASS,ML-KEM-1024
STM32F072RBT6,Cortex-M0,43,128,16,10000,ML-KEM-768,OOM,OOM,OOM,OOM,OOM,OOM,95,111,134,OOM,UNSUPPORTED
i.MX RT1060,Cortex-M7,660,4096,1024,2000,ML-KEM-768,644895,755816,912526,977,1145,1382,1,2,2,PASS,ML-KEM-768
nRF52840,Cortex-M4,57,1024,256,2000,ML-KEM-1024,1111896,1255330,1474374,19506,22023,25866,97,110,129,PASS,UNSUPPORTED
STM32F407VGT6,Cortex-M4,168,1024,192,2000,ML-KEM-768,718470,842046,1016635,4276,5012,6051,12,15,18,PASS,UNSUPPORTED
STM32F407VGT6,Cortex-M4,168,1024,192,10000,ML-KEM-768,719630,843406,1018276,4283,5020,6061,12,15,18,PASS,ML-KEM-1024
STM32H743VIT6,Cortex-M7,320,2048,1024,8000,ML-KEM-512,381927,454875,569071,1193,1421,1778,2,2,3,PASS,ML-KEM-1024
SiFive HiFive1,RISC-V FE310,352,16384,16,15000,ML-KEM-768,OOM,OOM,OOM,OOM,OOM,OOM,79,93,112,OOM,ML-KEM-512
i.MX RT1060,Cortex-M7,480,4096,1024,8000,ML-KEM-768,627669,735628,888151,1307,1532,1850,2,3,3,PASS,ML-KEM-1024
CH32V307,RISC-V RV32,158,256,64,30000,ML-KEM-1024,4850206,5475882,6431373,30697,34657,40704,245,277,325,PASS,ML-KEM-768
CH32V307,RISC-V RV32,115,256,64,50000,ML-KEM-512,1817855,2165065,2708603,15807,18826,23553,79,94,117,PASS,ML-KEM-768
SiFive HiFive1,RISC-V FE310,384,16384,16,20000,ML-KEM-512,3408703,4059765,5078967,8876,10572,13226,44,52,66,PASS,ML-KEM-512
STM32H753ZIT6,Cortex-M7,576,2048,1024,2000,ML-KEM-512,380268,452899,566599,660,786,983,1,1,1,PASS,ML-KEM-768
CH32V307,RISC-V RV32,129,256,64,2000,ML-KEM-512,1815447,2162197,2705016,14073,16761,20969,70,83,104,PASS,UNSUPPORTED
STM32F072RBT6,Cortex-M0,48,128,16,8000,ML-KEM-768,OOM,OOM,OOM,OOM,OOM,OOM,86,101,121,OOM,UNSUPPORTED
MSP432P401R,Cortex-M4,57,256,64,20000,ML-KEM-1024,1131835,1277841,1500813,19856,22418,26330,99,112,131,PASS,ML-KEM-768
STM32H743VIT6,Cortex-M7,320,2048,1024,8000,ML-KEM-768,634715,743885,898121,1983,2324,2806,3,4,5,PASS,ML-KEM-1024
MSP432P401R,Cortex-M4,43,256,64,30000,ML-KEM-1024,1115285,1259156,1478867,25936,29282,34392,129,146,171,PASS,ML-KEM-768
nRF52840,Cortex-M4,57,1024,256,10000,ML-KEM-1024,1127730,1273207,1495369,19784,22336,26234,98,111,131,PASS,UNSUPPORTED
RP2040,Cortex-M0+,133,2048,264,2000,ML-KEM-768,783624,918407,1108827,5891,6905,8337,29,34,41,PASS,UNSUPPORTED
CH32V307,RISC-V RV32,172,256,64,8000,ML-KEM-512,1860906,2216339,2772749,10819,12885,16120,54,64,80,PASS,UNSUPPORTED
STM32H743VIT6,Cortex-M7,360,2048,1024,10000,ML-KEM-1024,994387,1122662,1318557,2762,3118,3662,11,12,14,PASS,ML-KEM-1024
STM32F072RBT6,Cortex-M0,38,128,16,30000,ML-KEM-512,508612,605756,757831,13384,15940,19942,66,79,99,PASS,ML-KEM-512
i.MX RT1060,Cortex-M7,480,4096,1024,8000,ML-KEM-768,637751,747444,902417,1328,1557,1880,2,3,3,PASS,ML-KEM-1024
STM32F407VGT6,Cortex-M4,168,1024,192,20000,ML-KEM-768,719441,843184,1018009,4282,5018,6059,12,15,18,PASS,ML-KEM-1024
MSP432P401R,Cortex-M4,48,256,64,8000,ML-KEM-768,703849,824911,995946,14663,17185,20748,43,51,62,PASS,UNSUPPORTED
STM32H753ZIT6,Cortex-M7,576,2048,1024,20000,ML-KEM-1024,982124,1108817,1302296,1705,1925,2260,6,7,9,PASS,ML-KEM-1024
STM32H753ZIT6,Cortex-M7,480,2048,1024,50000,ML-KEM-1024,1001743,1130967,1328311,2086,2356,2767,8,9,11,PASS,ML-KEM-1024
STM32F407VGT6,Cortex-M4,168,1024,192,3000,ML-KEM-768,697086,816984,986376,4149,4863,5871,12,14,17,PASS,UNSUPPORTED
STM32F407VGT6,Cortex-M4,168,1024,192,10000,ML-KEM-768,713894,836683,1010160,4249,4980,6012,12,14,18,PASS,ML-KEM-1024
ESP32-WROOM,Xtensa LX6,240,4096,520,8000,ML-KEM-512,1420982,1692389,2117263,5920,7051,8821,29,35,44,PASS,UNSUPPORTED
STM32F103C8T6,Cortex-M3,57,64,20,20000,ML-KEM-1024,OOM,OOM,OOM,OOM,OOM,OOM,120,135,159,OOM,ML-KEM-768
SAMD21G18,Cortex-M0+,38,256,32,30000,ML-KEM-768,790320,926255,1118302,20797,24375,29429,103,121,147,PASS,ML-KEM-768
STM32F411CEU6,Cortex-M4,110,512,128,20000,ML-KEM-1024,1092312,1233220,1448405,9930,11211,13167,49,56,65,PASS,ML-KEM-1024
SiFive HiFive1,RISC-V FE310,384,16384,16,8000,ML-KEM-768,OOM,OOM,OOM,OOM,OOM,OOM,72,85,102,OOM,UNSUPPORTED
STM32F103C8T6,Cortex-M3,86,64,20,30000,ML-KEM-1024,OOM,OOM,OOM,OOM,OOM,OOM,79,90,105,OOM,ML-KEM-768
STM32F407VGT6,Cortex-M4,151,1024,192,50000,ML-KEM-512,427532,509190,637022,2831,3372,4218,8,10,12,PASS,ML-KEM-1024
MSP432P401R,Cortex-M4,43,256,64,10000,ML-KEM-1024,1126727,1272074,1494040,26202,29583,34745,131,147,173,PASS,UNSUPPORTED
ESP32-C3,RISC-V RV32,144,4096,400,15000,ML-KEM-1024,4701474,5307964,6234154,32649,36860,43292,261,294,346,PASS,UNSUPPORTED
nRF52840,Cortex-M4,57,1024,256,10000,ML-KEM-768,717639,841072,1015459,12590,14755,17815,37,44,53,PASS,UNSUPPORTED
nRF52840,Cortex-M4,64,1024,256,10000,ML-KEM-1024,1103831,1246225,1463679,17247,19472,22869,86,97,114,PASS,UNSUPPORTED
CH32V307,RISC-V RV32,115,256,64,30000,ML-KEM-512,1877113,2235641,2796898,16322,19440,24320,81,97,121,PASS,ML-KEM-512
i.MX RT1060,Cortex-M7,720,4096,1024,3000,ML-KEM-768,644891,755812,912520,895,1049,1267,1,2,2,PASS,ML-KEM-1024
STM32H753ZIT6,Cortex-M7,384,2048,1024,20000,ML-KEM-1024,989950,1117653,1312673,2577,2910,3418,10,11,13,PASS,ML-KEM-1024
STM32F072RBT6,Cortex-M0,43,128,16,5000,ML-KEM-512,502449,598416,748649,11684,13916,17410,58,69,87,PASS,UNSUPPORTED
i.MX RT1060,Cortex-M7,660,4096,1024,5000,ML-KEM-768,644204,755007,911548,976,1143,1381,1,2,2,PASS,ML-KEM-1024
SAMD21G18,Cortex-M0+,38,256,32,30000,ML-KEM-768,802182,940157,1135087,21110,24740,29870,105,123,149,PASS,ML-KEM-768
SAMD21G18,Cortex-M0+,48,256,32,2000,ML-KEM-512,484069,576526,721262,10084,12010,15026,50,60,75,PASS,UNSUPPORTED
STM32F103C8T6,Cortex-M3,64,64,20,5000,ML-KEM-768,740350,867690,1047595,11567,13557,16368,46,54,65,PASS,UNSUPPORTED
ESP32-C3,RISC-V RV32,128,4096,400,5000,ML-KEM-1024,4767325,5382309,6321472,37244,42049,49386,297,336,395,PASS,UNSUPPORTED
STM32F411CEU6,Cortex-M4,110,512,128,20000,ML-KEM-768,706152,827610,999205,6419,7523,9083,19,22,27,PASS,ML-KEM-1024
STM32F072RBT6,Cortex-M0,57,128,16,8000,ML-KEM-1024,OOM,OOM,OOM,OOM,OOM,OOM,175,198,232,OOM,UNSUPPORTED
STM32F072RBT6,Cortex-M0,48,128,16,50000,ML-KEM-512,495881,590594,738862,10330,12304,15392,51,61,76,PASS,ML-KEM-512
STM32F072RBT6,Cortex-M0,43,128,16,8000,ML-KEM-1024,OOM,OOM,OOM,OOM,OOM,OOM,237,267,314,OOM,UNSUPPORTED
STM32F407VGT6,Cortex-M4,151,1024,192,3000,ML-KEM-768,709558,831601,1004024,4699,5507,6649,14,16,19,PASS,UNSUPPORTED
STM32F407VGT6,Cortex-M4,151,1024,192,3000,ML-KEM-512,427608,509281,637135,2831,3372,4219,8,10,12,PASS,UNSUPPORTED
STM32F407VGT6,Cortex-M4,184,1024,192,50000,ML-KEM-1024,1114073,1257788,1477260,6054,6835,8028,30,34,40,PASS,ML-KEM-1024
STM32F411CEU6,Cortex-M4,90,512,128,15000,ML-KEM-768,705469,826809,998238,7838,9186,11091,23,27,33,PASS,ML-KEM-768
STM32F103C8T6,Cortex-M3,64,64,20,20000,ML-KEM-512,440165,524236,655845,6877,8191,10247,27,32,40,PASS,ML-KEM-768
SiFive HiFive1,RISC-V FE310,288,16384,16,8000,ML-KEM-1024,OOM,OOM,OOM,OOM,OOM,OOM,236,267,313,OOM,UNSUPPORTED
STM32H753ZIT6,Cortex-M7,432,2048,1024,3000,ML-KEM-768,640362,750504,906112,1482,1737,2097,2,3,4,PASS,ML-KEM-768
ESP32-C3,RISC-V RV32,128,4096,400,20000,ML-KEM-1024,4733306,5343902,6276363,36978,41749,49034,295,333,392,PASS,UNSUPPORTED
STM32H753ZIT6,Cortex-M7,576,2048,1024,2000,ML-KEM-1024,1017747,1149036,1349532,1766,1994,2342,7,7,9,PASS,ML-KEM-768
STM32H743VIT6,Cortex-M7,320,2048,1024,2000,ML-KEM-512,387922,462015,578003,1212,1443,1806,2,2,3,PASS,ML-KEM-512
STM32F411CEU6,Cortex-M4,110,512,128,20000,ML-KEM-512,431903,514396,643535,3926,4676,5850,11,14,17,PASS,ML-KEM-1024
MSP432P401R,Cortex-M4,43,256,64,8000,ML-KEM-1024,1121269,1265912,1486802,26076,29439,34576,130,147,172,PASS,UNSUPPORTED
STM32F072RBT6,Cortex-M0,48,128,16,20000,ML-KEM-1024,OOM,OOM,OOM,OOM,OOM,OOM,206,232,273,OOM,ML-KEM-512
STM32H753ZIT6,Cortex-M7,480,2048,1024,5000,ML-KEM-768,643398,754062,910408,1340,1570,1896,2,3,3,PASS,ML-KEM-1024
RP2040,Cortex-M0+,159,2048,264,3000,ML-KEM-768,785679,920815,1111735,4941,5791,6992,24,28,34,PASS,UNSUPPORTED
RP2040,Cortex-M0+,146,2048,264,8000,ML-KEM-1024,1190527,1344104,1578638,8154,9206,10812,65,73,86,PASS,ML-KEM-768
STM32F407VGT6,Cortex-M4,201,1024,192,8000,ML-KEM-768,715237,838257,1012060,3558,4170,5035,10,12,15,PASS,ML-KEM-1024
STM32F407VGT6,Cortex-M4,151,1024,192,2000,ML-KEM-1024,1112837,1256392,1475621,7369,8320,9772,36,41,48,PASS,UNSUPPORTED
STM32F103C8T6,Cortex-M3,79,64,20,15000,ML-KEM-512,436148,519452,649860,5520,6575,8226,22,26,32,PASS,ML-KEM-768
STM32H743VIT6,Cortex-M7,320,2048,1024,3000,ML-KEM-1024,1004747,1134359,1332294,3139,3544,4163,12,14,16,PASS,ML-KEM-768
SAMD21G18,Cortex-M0+,38,256,32,50000,ML-KEM-512,489337,582800,729112,12877,15336,19187,64,76,95,PASS,ML-KEM-1024
RP2040,Cortex-M0+,133,2048,264,8000,ML-KEM-768,813598,953536,1151241,6117,7169,8655,30,35,43,PASS,ML-KEM-512
STM32F407VGT6,Cortex-M4,168,1024,192,30000,ML-KEM-512,424187,505206,632038,2524,3007,3762,7,9,11,PASS,ML-KEM-1024
SAMD21G18,Cortex-M0+,38,256,32,10000,ML-KEM-768,807626,946537,1142790,21253,24908,30073,106,124,150,PASS,UNSUPPORTED
nRF52840,Cortex-M4,70,1024,256,3000,ML-KEM-512,437144,520638,651344,6244,7437,9304,18,22,27,PASS,UNSUPPORTED
ESP32-WROOM,Xtensa LX6,192,4096,520,2000,ML-KEM-512,1429278,1702270,2129624,7444,8865,11091,37,44,55,PASS,UNSUPPORTED
SAMD21G18,Cortex-M0+,48,256,32,15000,ML-KEM-768,812526,952280,1149724,16927,19839,23952,84,99,119,PASS,UNSUPPORTED
STM32F407VGT6,Cortex-M4,134,1024,192,15000,ML-KEM-768,700464,820943,991156,5227,6126,7396,15,18,22,PASS,ML-KEM-1024
STM32F411CEU6,Cortex-M4,110,512,128,30000,ML-KEM-768,718990,842656,1017370,6536,7660,9248,19,22,27,PASS,ML-KEM-1024
SiFive HiFive1,RISC-V FE310,352,16384,16,20000,ML-KEM-1024,OOM,OOM,OOM,OOM,OOM,OOM,200,226,265,OOM,ML-KEM-512
SAMD21G18,Cortex-M0+,38,256,32,5000,ML-KEM-1024,1215913,1372765,1612300,31997,36125,42428,255,289,339,PASS,UNSUPPORTED
CH32V307,RISC-V RV32,129,256,64,3000,ML-KEM-768,3090005,3621485,4372357,23953,28073,33894,119,140,169,PASS,UNSUPPORTED
MSP432P401R,Cortex-M4,57,256,64,30000,ML-KEM-512,433007,515711,645180,7596,9047,11318,22,27,33,PASS,ML-KEM-1024
ESP32-C3,RISC-V RV32,160,4096,400,2000,ML-KEM-1024,4852646,5478637,6434608,30329,34241,40216,242,273,321,PASS,UNSUPPORTED
SiFive HiFive1,RISC-V FE310,288,16384,16,30000,ML-KEM-768,OOM,OOM,OOM,OOM,OOM,OOM,94,110,133,OOM,ML-KEM-512
STM32F411CEU6,Cortex-M4,110,512,128,2000,ML-KEM-512,426977,508529,636195,3881,4622,5783,11,13,17,PASS,UNSUPPORTED
nRF52840,Cortex-M4,51,1024,256,50000,ML-KEM-1024,1116412,1260429,1480362,21890,24714,29026,109,123,145,PASS,ML-KEM-1024
i.MX RT1060,Cortex-M7,540,4096,1024,15000,ML-KEM-1024,998922,1127782,1324570,1849,2088,2452,7,8,9,PASS,ML-KEM-1024
SiFive HiFive1,RISC-V FE310,384,16384,16,3000,ML-KEM-768,OOM,OOM,OOM,OOM,OOM,OOM,72,85,102,OOM,UNSUPPORTED
STM32F103C8T6,Cortex-M3,79,64,20,15000,ML-KEM-1024,OOM,OOM,OOM,OOM,OOM,OOM,87,99,116,OOM,ML-KEM-768
STM32F411CEU6,Cortex-M4,90,512,128,50000,ML-KEM-1024,1093169,1234187,1449542,12146,13713,16106,60,68,80,PASS,ML-KEM-1024
STM32H743VIT6,Cortex-M7,360,2048,1024,50000,ML-KEM-768,643937,754694,911170,1788,2096,2531,3,4,5,PASS,ML-KEM-1024
CH32V307,RISC-V RV32,129,256,64,3000,ML-KEM-768,3018189,3537317,4270737,23396,27421,33106,116,137,165,PASS,UNSUPPORTED
nRF52840,Cortex-M4,64,1024,256,2000,ML-KEM-1024,1100654,1242638,1459467,17197,19416,22804,85,97,114,PASS,UNSUPPORTED
STM32H743VIT6,Cortex-M7,440,2048,1024,20000,ML-KEM-512,378513,450808,563984,860,1024,1281,1,2,2,PASS,ML-KEM-1024
MSP432P401R,Cortex-M4,57,256,64,30000,ML-KEM-512,437236,520748,651481,7670,9135,11429,23,27,34,PASS,ML-KEM-1024
MSP432P401R,Cortex-M4,48,256,64,3000,ML-KEM-768,716423,839647,1013738,14925,17492,21119,44,52,63,PASS,UNSUPPORTED
STM32F072RBT6,Cortex-M0,38,128,16,20000,ML-KEM-768,OOM,OOM,OOM,OOM,OOM,OOM,107,125,151,OOM,ML-KEM-512
STM32H753ZIT6,Cortex-M7,384,2048,1024,3000,ML-KEM-1024,1016489,1147616,1347864,2647,2988,3510,10,11,14,PASS,ML-KEM-768
STM32H743VIT6,Cortex-M7,400,2048,1024,50000,ML-KEM-1024,986297,1113529,1307829,2465,2783,3269,9,11,13,PASS,ML-KEM-1024
STM32H743VIT6,Cortex-M7,440,2048,1024,15000,ML-KEM-768,643262,753903,910215,1461,1713,2068,2,3,4,PASS,ML-KEM-1024
CH32V307,RISC-V RV32,129,256,64,30000,ML-KEM-768,3047314,3571452,4311949,23622,27685,33425,118,138,167,PASS,ML-KEM-512
i.MX RT1060,Cortex-M7,720,4096,1024,30000,ML-KEM-1024,1004274,1133825,1331667,1394,1574,1849,5,6,7,PASS,ML-KEM-1024
SiFive HiFive1,RISC-V FE310,352,16384,16,3000,ML-KEM-512,3405845,4056361,5074709,9675,11523,14416,48,57,72,PASS,UNSUPPORTED
STM32F103C8T6,Cortex-M3,57,64,20,15000,ML-KEM-768,741659,869224,1049447,13011,15249,18411,52,60,73,PASS,ML-KEM-512
ESP32-C3,RISC-V RV32,160,4096,400,50000,ML-KEM-1024,4755887,5369396,6306306,29724,33558,39414,237,268,315,PASS,ML-KEM-1024
RP2040,Cortex-M0+,106,2048,264,5000,ML-KEM-768,786523,921804,1112930,7420,8696,10499,37,43,52,PASS,UNSUPPORTED
SiFive HiFive1,RISC-V FE310,352,16384,16,3000,ML-KEM-768,OOM,OOM,OOM,OOM,OOM,OOM,79,92,111,OOM,UNSUPPORTED
STM32F103C8T6,Cortex-M3,57,64,20,20000,ML-KEM-512,444235,529083,661910,7793,9282,11612,31,37,46,PASS,ML-KEM-768
ESP32-C3,RISC-V RV32,144,4096,400,15000,ML-KEM-512,1869029,2226013,2784853,12979,15458,19339,64,77,96,PASS,UNSUPPORTED
STM32F072RBT6,Cortex-M0,57,128,16,3000,ML-KEM-768,OOM,OOM,OOM,OOM,OOM,OOM,72,85,103,OOM,UNSUPPORTED
i.MX RT1060,Cortex-M7,720,4096,1024,5000,ML-KEM-768,622410,729464,880710,864,1013,1223,1,2,2,PASS,ML-KEM-1024
SiFive HiFive1,RISC-V FE310,256,16384,16,50000,ML-KEM-768,OOM,OOM,OOM,OOM,OOM,OOM,109,128,155,OOM,ML-KEM-512
MSP432P401R,Cortex-M4,57,256,64,5000,ML-KEM-1024,1116497,1260525,1480475,19587,22114,25973,97,110,129,PASS,UNSUPPORTED
SiFive HiFive1,RISC-V FE310,288,16384,16,3000,ML-KEM-768,OOM,OOM,OOM,OOM,OOM,OOM,96,113,136,OOM,UNSUPPORTED
i.MX RT1060,Cortex-M7,600,4096,1024,50000,ML-KEM-768,632934,741798,895601,1054,1236,1492,2,2,2,PASS,ML-KEM-1024
i.MX RT1060,Cortex-M7,540,4096,1024,10000,ML-KEM-768,646775,758020,915186,1197,1403,1694,2,2,3,PASS,ML-KEM-1024
STM32F407VGT6,Cortex-M4,184,1024,192,5000,ML-KEM-512,429583,511633,640078,2334,2780,3478,7,8,10,PASS,ML-KEM-512
SiFive HiFive1,RISC-V FE310,384,16384,16,10000,ML-KEM-1024,OOM,OOM,OOM,OOM,OOM,OOM,181,204,240,OOM,UNSUPPORTED
nRF52840,Cortex-M4,76,1024,256,8000,ML-KEM-512,426082,507463,634862,5606,6677,8353,16,20,25,PASS,UNSUPPORTED
SiFive HiFive1,RISC-V FE310,320,16384,16,15000,ML-KEM-1024,OOM,OOM,OOM,OOM,OOM,OOM,214,241,283,OOM,UNSUPPORTED
SiFive HiFive1,RISC-V FE310,288,16384,16,50000,ML-KEM-1024,OOM,OOM,OOM,OOM,OOM,OOM,243,274,322,OOM,ML-KEM-512
nRF52840,Cortex-M4,51,1024,256,15000,ML-KEM-1024,1112126,1255590,1474679,21806,24619,28915,109,123,144,PASS,ML-KEM-512
i.MX RT1060,Cortex-M7,660,4096,1024,50000,ML-KEM-768,644587,755455,912090,976,1144,1381,1,2,2,PASS,ML-KEM-1024
STM32F411CEU6,Cortex-M4,80,512,128,50000,ML-KEM-512,422902,503676,630123,5286,6295,7876,15,18,23,PASS,ML-KEM-1024
SAMD21G18,Cortex-M0+,38,256,32,2000,ML-KEM-512,480479,572250,715913,12644,15059,18839,63,75,94,PASS,UNSUPPORTED
ESP32-C3,RISC-V RV32,144,4096,400,10000,ML-KEM-1024,4732307,5342774,6275039,32863,37102,43576,262,296,348,PASS,UNSUPPORTED
CH32V307,RISC-V RV32,115,256,64,10000,ML-KEM-512,1868765,2225699,2784459,16250,19353,24212,81,96,121,PASS,UNSUPPORTED
STM32F072RBT6,Cortex-M0,48,128,16,30000,ML-KEM-512,507980,605004,756890,10582,12604,15768,52,63,78,PASS,ML-KEM-512
STM32H743VIT6,Cortex-M7,480,2048,1024,8000,ML-KEM-1024,1003873,1133372,1331135,2091,2361,2773,8,9,11,PASS,ML-KEM-1024
STM32F411CEU6,Cortex-M4,90,512,128,50000,ML-KEM-1024,1103545,1245902,1463300,12261,13843,16258,61,69,81,PASS,ML-KEM-1024
STM32H743VIT6,Cortex-M7,320,2048,1024,20000,ML-KEM-768,632880,741735,895525,1977,2317,2798,3,4,5,PASS,ML-KEM-1024
ESP32-C3,RISC-V RV32,160,4096,400,50000,ML-KEM-512,1813959,2160425,2702798,11337,13502,16892,56,67,84,PASS,ML-KEM-1024
STM32F407VGT6,Cortex-M4,151,1024,192,30000,ML-KEM-512,438183,521875,652892,2901,3456,4323,8,10,12,PASS,ML-KEM-1024
SiFive HiFive1,RISC-V FE310,320,16384,16,50000,ML-KEM-1024,OOM,OOM,OOM,OOM,OOM,OOM,218,246,289,OOM,ML-KEM-512
ESP32-C3,RISC-V RV32,144,4096,400,10000,ML-KEM-768,3000774,3516907,4246095,20838,24422,29486,104,122,147,PASS,UNSUPPORTED
STM32H743VIT6,Cortex-M7,320,2048,1024,5000,ML-KEM-512,388620,462846,579043,1214,1446,1809,2,2,3,PASS,ML-KEM-1024
RP2040,Cortex-M0+,146,2048,264,2000,ML-KEM-768,790949,926992,1119192,5417,6349,7665,27,31,38,PASS,UNSUPPORTED
STM32F407VGT6,Cortex-M4,151,1024,192,5000,ML-KEM-1024,1128404,1273968,1496263,7472,8436,9909,37,42,49,PASS,ML-KEM-512
STM32F072RBT6,Cortex-M0,48,128,16,30000,ML-KEM-1024,OOM,OOM,OOM,OOM,OOM,OOM,213,240,282,OOM,ML-KEM-512
STM32F072RBT6,Cortex-M0,43,128,16,15000,ML-KEM-1024,OOM,OOM,OOM,OOM,OOM,OOM,229,259,304,OOM,UNSUPPORTED
ESP32-WROOM,Xtensa LX6,288,4096,520,10000,ML-KEM-768,2357019,2762426,3335181,8184,9591,11580,40,47,57,PASS,ML-KEM-512
STM32H753ZIT6,Cortex-M7,480,2048,1024,3000,ML-KEM-1024,990728,1118531,1313705,2064,2330,2736,8,9,10,PASS,ML-KEM-1024
STM32F103C8T6,Cortex-M3,64,64,20,50000,ML-KEM-512,450095,536063,670641,7032,8375,10478,28,33,41,PASS,ML-KEM-768
SAMD21G18,Cortex-M0+,52,256,32,50000,ML-KEM-1024,1200344,1355188,1591656,23083,26061,30608,184,208,244,PASS,ML-KEM-1024
nRF52840,Cortex-M4,57,1024,256,8000,ML-KEM-1024,1105515,1248126,1465912,19395,21896,25717,96,109,128,PASS,UNSUPPORTED
nRF52840,Cortex-M4,64,1024,256,8000,ML-KEM-1024,1114357,1258109,1477637,17411,19657,23088,87,98,115,PASS,UNSUPPORTED
STM32H753ZIT6,Cortex-M7,384,2048,1024,3000,ML-KEM-1024,991852,1119800,1315195,2582,2916,3424,10,11,13,PASS,ML-KEM-768
STM32F103C8T6,Cortex-M3,86,64,20,8000,ML-KEM-512,448249,533864,667891,5212,6207,7766,20,24,31,PASS,ML-KEM-512
nRF52840,Cortex-M4,70,1024,256,3000,ML-KEM-768,702556,823395,994116,10036,11762,14201,30,35,42,PASS,UNSUPPORTED
SiFive HiFive1,RISC-V FE310,320,16384,16,2000,ML-KEM-1024,OOM,OOM,OOM,OOM,OOM,OOM,220,248,291,OOM,UNSUPPORTED
nRF52840,Cortex-M4,76,1024,256,50000,ML-KEM-768,709089,831052,1003360,9330,10934,13202,27,32,39,PASS,ML-KEM-1024
STM32F407VGT6,Cortex-M4,151,1024,192,15000,ML-KEM-1024,1094406,1235584,1451182,7247,8182,9610,36,40,48,PASS,ML-KEM-1024
RP2040,Cortex-M0+,119,2048,264,50000,ML-KEM-1024,1181253,1333634,1566341,9926,11207,13162,79,89,105,PASS,ML-KEM-1024
RP2040,Cortex-M0+,119,2048,264,8000,ML-KEM-1024,1201346,1356319,1592984,10095,11397,13386,80,91,107,PASS,ML-KEM-512
RP2040,Cortex-M0+,119,2048,264,50000,ML-KEM-1024,1223250,1381049,1622029,10279,11605,13630,82,92,109,PASS,ML-KEM-1024
SiFive HiFive1,RISC-V FE310,352,16384,16,3000,ML-KEM-1024,OOM,OOM,OOM,OOM,OOM,OOM,198,224,263,OOM,UNSUPPORTED
STM32F072RBT6,Cortex-M0,52,128,16,15000,ML-KEM-512,497289,592271,740960,9563,11389,14249,47,56,71,PASS,ML-KEM-512
STM32F072RBT6,Cortex-M0,43,128,16,10000,ML-KEM-1024,OOM,OOM,OOM,OOM,OOM,OOM,229,259,304,OOM,UNSUPPORTED
CH32V307,RISC-V RV32,129,256,64,10000,ML-KEM-768,3026384,3546922,4282333,23460,27495,33196,117,137,165,PASS,UNSUPPORTED
STM32H743VIT6,Cortex-M7,440,2048,1024,20000,ML-KEM-768,622729,729838,881161,1415,1658,2002,2,3,4,PASS,ML-KEM-1024
STM32H743VIT6,Cortex-M7,320,2048,1024,50000,ML-KEM-512,387177,461127,576893,1209,1441,1802,2,2,3,PASS,ML-KEM-1024
i.MX RT1060,Cortex-M7,480,4096,1024,2000,ML-KEM-1024,1011902,1142437,1341782,2108,2380,2795,8,9,11,PASS,ML-KEM-768
nRF52840,Cortex-M4,76,1024,256,3000,ML-KEM-768,717605,841033,1015411,9442,11066,13360,28,33,40,PASS,UNSUPPORTED
STM32F407VGT6,Cortex-M4,201,1024,192,3000,ML-KEM-768,716992,840314,1014543,3567,4180,5047,10,12,15,PASS,UNSUPPORTED
MSP432P401R,Cortex-M4,52,256,64,20000,ML-KEM-1024,1092112,1232994,1448140,21002,23711,27848,105,118,139,PASS,ML-KEM-768
SAMD21G18,Cortex-M0+,57,256,32,8000,ML-KEM-512,489787,583336,729782,8592,10233,12803,42,51,64,PASS,UNSUPPORTED
ESP32-C3,RISC-V RV32,192,4096,400,10000,ML-KEM-1024,4711947,5319788,6248041,24541,27707,32541,196,221,260,PASS,UNSUPPORTED
STM32H743VIT6,Cortex-M7,400,2048,1024,2000,ML-KEM-1024,1012960,1143631,1343184,2532,2859,3357,10,11,13,PASS,ML-KEM-512
SAMD21G18,Cortex-M0+,38,256,32,2000,ML-KEM-512,486410,579314,724750,12800,15245,19072,64,76,95,PASS,UNSUPPORTED
STM32F411CEU6,Cortex-M4,120,512,128,50000,ML-KEM-512,427720,509414,637302,3564,4245,5310,10,12,15,PASS,ML-KEM-1024
SiFive HiFive1,RISC-V FE310,320,16384,16,8000,ML-KEM-768,OOM,OOM,OOM,OOM,OOM,OOM,87,103,124,OOM,UNSUPPORTED
CH32V307,RISC-V RV32,172,256,64,5000,ML-KEM-512,1826615,2175498,2721656,10619,12648,15823,53,63,79,PASS,UNSUPPORTED
i.MX RT1060,Cortex-M7,600,4096,1024,8000,ML-KEM-512,380092,452689,566337,633,754,943,1,1,1,PASS,ML-KEM-1024
ESP32-C3,RISC-V RV32,192,4096,400,2000,ML-KEM-1024,4772593,5388257,6328458,24857,28063,32960,198,224,263,PASS,UNSUPPORTED
STM32H753ZIT6,Cortex-M7,384,2048,1024,10000,ML-KEM-1024,980729,1107243,1300446,2553,2883,3386,10,11,13,PASS,ML-KEM-1024
RP2040,Cortex-M0+,119,2048,264,30000,ML-KEM-768,793439,929910,1122716,6667,7814,9434,33,39,47,PASS,ML-KEM-1024
STM32H743VIT6,Cortex-M7,360,2048,1024,3000,ML-KEM-768,638035,747777,902819,1772,2077,2507,3,4,5,PASS,ML-KEM-768
ESP32-WROOM,Xtensa LX6,216,4096,520,15000,ML-KEM-768,2325400,2725368,3290441,10765,12617,15233,53,63,76,PASS,ML-KEM-512
i.MX RT1060,Cortex-M7,600,4096,1024,5000,ML-KEM-1024,1000669,1129755,1326887,1667,1882,2211,6,7,8,PASS,ML-KEM-1024
ESP32-C3,RISC-V RV32,160,4096,400,20000,ML-KEM-512,1813357,2159708,2701901,11333,13498,16886,56,67,84,PASS,ML-KEM-512
STM32F103C8T6,Cortex-M3,64,64,20,20000,ML-KEM-768,741958,869574,1049870,11593,13587,16404,46,54,65,PASS,ML-KEM-768
SAMD21G18,Cortex-M0+,48,256,32,30000,ML-KEM-768,796255,933210,1126700,16588,19441,23472,82,97,117,PASS,ML-KEM-768
ESP32-C3,RISC-V RV32,160,4096,400,30000,ML-KEM-1024,4705208,5312179,6239105,29407,33201,38994,235,265,311,PASS,ML-KEM-768
STM32H743VIT6,Cortex-M7,480,2048,1024,3000,ML-KEM-768,644111,754898,911417,1341,1572,1898,2,3,3,PASS,ML-KEM-1024
SAMD21G18,Cortex-M0+,57,256,32,8000,ML-KEM-768,805454,943992,1139717,14130,16561,19995,70,82,99,PASS,UNSUPPORTED
STM32H743VIT6,Cortex-M7,320,2048,1024,3000,ML-KEM-512,390383,464946,581670,1219,1452,1817,2,2,3,PASS,ML-KEM-768
STM32H743VIT6,Cortex-M7,320,2048,1024,20000,ML-KEM-1024,986533,1113795,1308142,3082,3480,4087,12,13,16,PASS,ML-KEM-1024
STM32F072RBT6,Cortex-M0,57,128,16,10000,ML-KEM-1024,OOM,OOM,OOM,OOM,OOM,OOM,179,202,237,OOM,UNSUPPORTED
STM32H753ZIT6,Cortex-M7,528,2048,1024,5000,ML-KEM-768,632269,741019,894660,1197,1403,1694,2,2,3,PASS,ML-KEM-1024
ESP32-WROOM,Xtensa LX6,288,4096,520,10000,ML-KEM-512,1417995,1688832,2112812,4923,5864,7336,24,29,36,PASS,ML-KEM-512
STM32H753ZIT6,Cortex-M7,384,2048,1024,20000,ML-KEM-768,635055,744284,898602,1653,1938,2340,3,3,4,PASS,ML-KEM-1024
STM32H743VIT6,Cortex-M7,360,2048,1024,5000,ML-KEM-1024,983643,1110532,1304310,2732,3084,3623,10,12,14,PASS,ML-KEM-1024
SAMD21G18,Cortex-M0+,43,256,32,5000,ML-KEM-1024,1216182,1373069,1612657,28283,31931,37503,226,255,300,PASS,UNSUPPORTED
nRF52840,Cortex-M4,51,1024,256,8000,ML-KEM-768,701851,822569,993119,13761,16128,19472,41,48,58,PASS,UNSUPPORTED
STM32F407VGT6,Cortex-M4,168,1024,192,8000,ML-KEM-512,433995,516888,646652,2583,3076,3849,7,9,11,PASS,ML-KEM-768
STM32H753ZIT6,Cortex-M7,480,2048,1024,20000,ML-KEM-768,645614,756659,913543,1345,1576,1903,2,3,3,PASS,ML-KEM-1024
ESP32-WROOM,Xtensa LX6,192,4096,520,2000,ML-KEM-1024,3624314,4091850,4805840,18876,21311,25030,151,170,200,PASS,UNSUPPORTED
SiFive HiFive1,RISC-V FE310,384,16384,16,10000,ML-KEM-1024,OOM,OOM,OOM,OOM,OOM,OOM,179,202,237,OOM,UNSUPPORTED
STM32H753ZIT6,Cortex-M7,576,2048,1024,5000,ML-KEM-768,638903,748794,904047,1109,1299,1569,2,2,3,PASS,ML-KEM-1024
nRF52840,Cortex-M4,76,1024,256,3000,ML-KEM-1024,1101940,1244090,1461172,14499,16369,19225,72,81,96,PASS,UNSUPPORTED
ESP32-WROOM,Xtensa LX6,216,4096,520,50000,ML-KEM-768,2316290,2714691,3277550,10723,12568,15173,53,62,75,PASS,ML-KEM-1024
CH32V307,RISC-V RV32,144,256,64,30000,ML-KEM-768,3087080,3618057,4368218,21438,25125,30334,107,125,151,PASS,ML-KEM-768
STM32F072RBT6,Cortex-M0,57,128,16,5000,ML-KEM-768,OOM,OOM,OOM,OOM,OOM,OOM,71,84,101,OOM,UNSUPPORTED
RP2040,Cortex-M0+,159,2048,264,10000,ML-KEM-512,478214,569552,712538,3007,3582,4481,15,17,22,PASS,ML-KEM-768
SAMD21G18,Cortex-M0+,48,256,32,3000,ML-KEM-1024,1192002,1345770,1580594,24833,28036,32929,198,224,263,PASS,UNSUPPORTED
ESP32-C3,RISC-V RV32,160,4096,400,3000,ML-KEM-768,3061307,3587851,4331749,19133,22424,27073,95,112,135,PASS,UNSUPPORTED
MSP432P401R,Cortex-M4,43,256,64,5000,ML-KEM-1024,1127841,1273332,1495517,26228,29612,34779,131,148,173,PASS,UNSUPPORTED
STM32F072RBT6,Cortex-M0,43,128,16,2000,ML-KEM-512,507118,603977,755605,11793,14045,17572,58,70,87,PASS,UNSUPPORTED
SAMD21G18,Cortex-M0+,43,256,32,50000,ML-KEM-512,492581,586663,733945,11455,13643,17068,57,68,85,PASS,ML-KEM-1024
SAMD21G18,Cortex-M0+,38,256,32,5000,ML-KEM-768,811484,951059,1148249,21354,25027,30217,106,125,151,PASS,UNSUPPORTED
STM32H753ZIT6,Cortex-M7,528,2048,1024,2000,ML-KEM-1024,1007100,1137015,1335414,1907,2153,2529,7,8,10,PASS,ML-KEM-768
CH32V307,RISC-V RV32,144,256,64,3000,ML-KEM-512,1846241,2198873,2750899,12821,15269,19103,64,76,95,PASS,UNSUPPORTED
MSP432P401R,Cortex-M4,52,256,64,5000,ML-KEM-512,436784,520209,650808,8399,10004,12515,25,30,37,PASS,UNSUPPORTED
i.MX RT1060,Cortex-M7,540,4096,1024,5000,ML-KEM-1024,1004373,1133937,1331798,1859,2099,2466,7,8,9,PASS,ML-KEM-1024
STM32F407VGT6,Cortex-M4,151,1024,192,15000,ML-KEM-768,712203,834701,1007767,4716,5527,6673,14,16,20,PASS,ML-KEM-1024
RP2040,Cortex-M0+,119,2048,264,20000,ML-KEM-768,786260,921496,1112557,6607,7743,9349,33,38,46,PASS,ML-KEM-1024
STM32F072RBT6,Cortex-M0,43,128,16,50000,ML-KEM-1024,OOM,OOM,OOM,OOM,OOM,OOM,235,265,312,OOM,ML-KEM-512
CH32V307,RISC-V RV32,129,256,64,3000,ML-KEM-512,1848214,2201222,2753838,14327,17063,21347,71,85,106,PASS,UNSUPPORTED
i.MX RT1060,Cortex-M7,720,4096,1024,2000,ML-KEM-1024,998132,1126891,1323523,1386,1565,1838,5,6,7,PASS,ML-KEM-1024
RP2040,Cortex-M0+,106,2048,264,30000,ML-KEM-1024,1187181,1340327,1574202,11199,12644,14850,89,101,118,PASS,ML-KEM-1024
i.MX RT1060,Cortex-M7,720,4096,1024,2000,ML-KEM-1024,1003957,1133467,1331246,1394,1574,1848,5,6,7,PASS,ML-KEM-1024
STM32H753ZIT6,Cortex-M7,528,2048,1024,15000,ML-KEM-512,388043,462159,578184,734,875,1095,1,1,2,PASS,ML-KEM-1024
STM32F411CEU6,Cortex-M4,90,512,128,30000,ML-KEM-768,705221,826519,997887,7835,9183,11087,23,27,33,PASS,ML-KEM-1024
ESP32-C3,RISC-V RV32,192,4096,400,3000,ML-KEM-768,2995480,3510702,4238604,15601,18284,22076,78,91,110,PASS,UNSUPPORTED
MSP432P401R,Cortex-M4,43,256,64,3000,ML-KEM-768,712253,834760,1007837,16564,19413,23438,49,58,70,PASS,UNSUPPORTED
STM32H753ZIT6,Cortex-M7,528,2048,1024,10000,ML-KEM-512,377384,449464,562302,714,851,1064,1,1,2,PASS,ML-KEM-1024
SiFive HiFive1,RISC-V FE310,256,16384,16,50000,ML-KEM-512,3373544,4017890,5026580,13177,15694,19635,65,78,98,PASS,ML-KEM-512
STM32F411CEU6,Cortex-M4,90,512,128,15000,ML-KEM-768,705555,826910,998360,7839,9187,11092,23,27,33,PASS,ML-KEM-768
SAMD21G18,Cortex-M0+,52,256,32,10000,ML-KEM-768,809330,948534,1145201,15564,18241,22023,77,91,110,PASS,UNSUPPORTED
STM32F411CEU6,Cortex-M4,120,512,128,15000,ML-KEM-1024,1103007,1245294,1462587,9191,10377,12188,45,51,60,PASS,ML-KEM-1024
STM32H743VIT6,Cortex-M7,440,2048,1024,8000,ML-KEM-768,636323,745770,900397,1446,1694,2046,2,3,4,PASS,ML-KEM-1024
STM32H753ZIT6,Cortex-M7,528,2048,1024,5000,ML-KEM-768,636500,745978,900647,1205,1412,1705,2,2,3,PASS,ML-KEM-1024
MSP432P401R,Cortex-M4,48,256,64,10000,ML-KEM-1024,1106070,1248753,1466648,23043,26015,30555,115,130,152,PASS,UNSUPPORTED
SiFive HiFive1,RISC-V FE310,352,16384,16,5000,ML-KEM-1024,OOM,OOM,OOM,OOM,OOM,OOM,194,219,257,OOM,UNSUPPORTED
STM32F103C8T6,Cortex-M3,79,64,20,5000,ML-KEM-512,439917,523941,655476,5568,6632,8297,22,26,33,PASS,UNSUPPORTED
STM32F411CEU6,Cortex-M4,100,512,128,50000,ML-KEM-1024,1121772,1266480,1487469,11217,12664,14874,56,63,74,PASS,ML-KEM-1024
SiFive HiFive1,RISC-V FE310,256,16384,16,5000,ML-KEM-768,OOM,OOM,OOM,OOM,OOM,OOM,110,129,155,OOM,UNSUPPORTED
STM32F072RBT6,Cortex-M0,38,128,16,5000,ML-KEM-768,OOM,OOM,OOM,OOM,OOM,OOM,111,130,157,OOM,UNSUPPORTED
STM32F411CEU6,Cortex-M4,80,512,128,3000,ML-KEM-768,701568,822237,992718,8769,10277,12408,26,30,37,PASS,UNSUPPORTED
RP2040,Cortex-M0+,159,2048,264,2000,ML-KEM-1024,1199424,1354149,1590436,7543,8516,10002,60,68,80,PASS,UNSUPPORTED
STM32F411CEU6,Cortex-M4,120,512,128,50000,ML-KEM-768,715469,838529,1012388,5962,6987,8436,17,20,25,PASS,ML-KEM-1024
i.MX RT1060,Cortex-M7,480,4096,1024,5000,ML-KEM-1024,997775,1126487,1323049,2078,2346,2756,8,9,11,PASS,ML-KEM-1024
STM32F072RBT6,Cortex-M0,43,128,16,50000,ML-KEM-768,OOM,OOM,OOM,OOM,OOM,OOM,95,111,135,OOM,ML-KEM-512
ESP32-C3,RISC-V RV32,192,4096,400,50000,ML-KEM-1024,4817943,5439457,6388592,25093,28330,33273,200,226,266,PASS,ML-KEM-1024
i.MX RT1060,Cortex-M7,540,4096,1024,2000,ML-KEM-768,628377,736457,889153,1163,1363,1646,2,2,3,PASS,ML-KEM-768
STM32F072RBT6,Cortex-M0,43,128,16,3000,ML-KEM-768,OOM,OOM,OOM,OOM,OOM,OOM,97,114,138,OOM,UNSUPPORTED
nRF52840,Cortex-M4,70,1024,256,20000,ML-KEM-1024,1099657,1241512,1458145,15709,17735,20830,78,88,104,PASS,ML-KEM-768
STM32F072RBT6,Cortex-M0,38,128,16,3000,ML-KEM-1024,OOM,OOM,OOM,OOM,OOM,OOM,262,296,347,OOM,UNSUPPORTED
CH32V307,RISC-V RV32,172,256,64,15000,ML-KEM-768,3096335,3628904,4381314,18001,21098,25472,90,105,127,PASS,UNSUPPORTED
STM32F407VGT6,Cortex-M4,151,1024,192,8000,ML-KEM-768,721658,845783,1021146,4779,5601,6762,14,16,20,PASS,ML-KEM-768
i.MX RT1060,Cortex-M7,480,4096,1024,10000,ML-KEM-512,383569,456830,571517,799,951,1190,1,1,2,PASS,ML-KEM-1024
RP2040,Cortex-M0+,159,2048,264,3000,ML-KEM-1024,1195082,1349247,1584678,7516,8485,9966,60,67,79,PASS,UNSUPPORTED
RP2040,Cortex-M0+,159,2048,264,10000,ML-KEM-1024,1220093,1377484,1617843,7673,8663,10175,61,69,81,PASS,ML-KEM-768
i.MX RT1060,Cortex-M7,600,4096,1024,30000,ML-KEM-768,636604,746099,900794,1061,1243,1501,2,2,3,PASS,ML-KEM-1024
ESP32-C3,RISC-V RV32,144,4096,400,15000,ML-KEM-768,3062081,3588758,4332844,21264,24921,30089,106,124,150,PASS,UNSUPPORTED
ESP32-WROOM,Xtensa LX6,288,4096,520,2000,ML-KEM-768,2294236,2688844,3246343,7966,9336,11272,39,46,56,PASS,UNSUPPORTED
RP2040,Cortex-M0+,146,2048,264,8000,ML-KEM-1024,1214696,1371391,1610686,8319,9393,11032,66,75,88,PASS,ML-KEM-768
ESP32-C3,RISC-V RV32,160,4096,400,20000,ML-KEM-768,3042006,3565231,4304438,19012,22282,26902,95,111,134,PASS,ML-KEM-512
STM32F072RBT6,Cortex-M0,48,128,16,8000,ML-KEM-768,OOM,OOM,OOM,OOM,OOM,OOM,85,99,120,OOM,UNSUPPORTED
STM32H743VIT6,Cortex-M7,400,2048,1024,3000,ML-KEM-1024,1015221,1146184,1346183,2538,2865,3365,10,11,13,PASS,ML-KEM-768
MSP432P401R,Cortex-M4,48,256,64,15000,ML-KEM-512,437887,521523,652451,9122,10865,13592,27,32,40,PASS,ML-KEM-512
STM32F407VGT6,Cortex-M4,151,1024,192,8000,ML-KEM-768,716192,839377,1013411,4742,5558,6711,14,16,20,PASS,ML-KEM-768
STM32F103C8T6,Cortex-M3,64,64,20,10000,ML-KEM-512,440179,524253,655866,6877,8191,10247,27,32,40,PASS,UNSUPPORTED
CH32V307,RISC-V RV32,129,256,64,15000,ML-KEM-512,1870641,2227933,2787255,14501,17270,21606,72,86,108,PASS,UNSUPPORTED
RP2040,Cortex-M0+,106,2048,264,30000,ML-KEM-1024,1181219,1333596,1566296,11143,12581,14776,89,100,118,PASS,ML-KEM-1024
CH32V307,RISC-V RV32,172,256,64,2000,ML-KEM-768,3024337,3544522,4279436,17583,20607,24880,87,103,124,PASS,UNSUPPORTED
nRF52840,Cortex-M4,70,1024,256,10000,ML-KEM-768,700464,820943,991156,10006,11727,14159,30,35,42,PASS,ML-KEM-512
ESP32-C3,RISC-V RV32,192,4096,400,10000,ML-KEM-768,3006206,3523273,4253781,15657,18350,22155,78,91,110,PASS,UNSUPPORTED
i.MX RT1060,Cortex-M7,540,4096,1024,2000,ML-KEM-1024,1009946,1140229,1339188,1870,2111,2479,7,8,9,PASS,ML-KEM-768
MSP432P401R,Cortex-M4,57,256,64,2000,ML-KEM-1024,1106201,1248900,1466822,19407,21910,25733,97,109,128,PASS,UNSUPPORTED
CH32V307,RISC-V RV32,129,256,64,30000,ML-KEM-512,1864670,2220821,2778358,14454,17215,21537,72,86,107,PASS,ML-KEM-512
MSP432P401R,Cortex-M4,48,256,64,2000,ML-KEM-512,434090,517001,646794,9043,10770,13474,27,32,40,PASS,UNSUPPORTED
STM32F411CEU6,Cortex-M4,120,512,128,3000,ML-KEM-768,705536,826888,998333,5879,6890,8319,17,20,24,PASS,UNSUPPORTED
CH32V307,RISC-V RV32,144,256,64,5000,ML-KEM-1024,4734656,5345426,6278153,32879,37121,43598,263,296,348,PASS,UNSUPPORTED
STM32F407VGT6,Cortex-M4,184,1024,192,15000,ML-KEM-768,700493,820977,991197,3807,4461,5386,11,13,16,PASS,ML-KEM-1024
STM32F411CEU6,Cortex-M4,90,512,128,20000,ML-KEM-1024,1124227,1269252,1490725,12491,14102,16563,62,70,82,PASS,ML-KEM-1024
nRF52840,Cortex-M4,70,1024,256,10000,ML-KEM-768,700379,820844,991036,10005,11726,14157,30,35,42,PASS,ML-KEM-512
SAMD21G18,Cortex-M0+,57,256,32,8000,ML-KEM-512,489283,582736,729031,8583,10223,12790,42,51,63,PASS,UNSUPPORTED
ESP32-C3,RISC-V RV32,144,4096,400,50000,ML-KEM-768,3083327,3613659,4362907,21411,25094,30297,107,125,151,PASS,ML-KEM-1024
STM32F103C8T6,Cortex-M3,64,64,20,5000,ML-KEM-768,740949,868392,1048442,11577,13568,16381,46,54,65,PASS,UNSUPPORTED
SAMD21G18,Cortex-M0+,52,256,32,30000,ML-KEM-512,494613,589084,736973,9511,11328,14172,47,56,70,PASS,ML-KEM-768
CH32V307,RISC-V RV32,172,256,64,50000,ML-KEM-1024,4744767,5356841,6291561,27585,31144,36578,220,249,292,PASS,ML-KEM-1024
MSP432P401R,Cortex-M4,48,256,64,10000,ML-KEM-1024,1128960,1274595,1497000,23520,26554,31187,117,132,155,PASS,UNSUPPORTED
STM32F072RBT6,Cortex-M0,52,128,16,3000,ML-KEM-1024,OOM,OOM,OOM,OOM,OOM,OOM,190,215,252,OOM,UNSUPPORTED
STM32F103C8T6,Cortex-M3,72,64,20,30000,ML-KEM-1024,OOM,OOM,OOM,OOM,OOM,OOM,94,106,125,OOM,ML-KEM-768
SiFive HiFive1,RISC-V FE310,320,16384,16,10000,ML-KEM-768,OOM,OOM,OOM,OOM,OOM,OOM,86,100,121,OOM,UNSUPPORTED
STM32H753ZIT6,Cortex-M7,480,2048,1024,15000,ML-KEM-512,383641,456916,571625,799,951,1190,1,1,2,PASS,ML-KEM-1024
nRF52840,Cortex-M4,76,1024,256,8000,ML-KEM-1024,1116378,1260390,1480317,14689,16584,19477,73,82,97,PASS,UNSUPPORTED
STM32H743VIT6,Cortex-M7,480,2048,1024,5000,ML-KEM-768,631319,739905,893316,1315,1541,1861,2,3,3,PASS,ML-KEM-1024
STM32H743VIT6,Cortex-M7,480,2048,1024,30000,ML-KEM-1024,995881,1124349,1320538,2074,2342,2751,8,9,11,PASS,ML-KEM-1024
RP2040,Cortex-M0+,146,2048,264,10000,ML-KEM-768,802204,940183,1135118,5494,6439,7774,27,32,38,PASS,ML-KEM-768
SAMD21G18,Cortex-M0+,43,256,32,15000,ML-KEM-768,802190,940166,1135098,18655,21864,26397,93,109,131,PASS,UNSUPPORTED
i.MX RT1060,Cortex-M7,660,4096,1024,3000,ML-KEM-512,379794,452334,565893,575,685,857,1,1,1,PASS,ML-KEM-1024
STM32F103C8T6,Cortex-M3,72,64,20,15000,ML-KEM-1024,OOM,OOM,OOM,OOM,OOM,OOM,95,107,126,OOM,ML-KEM-768
STM32F407VGT6,Cortex-M4,201,1024,192,20000,ML-KEM-768,720466,844386,1019459,3584,4200,5071,10,12,15,PASS,ML-KEM-1024
ESP32-C3,RISC-V RV32,160,4096,400,50000,ML-KEM-768,3029541,3550622,4286800,18934,22191,26792,94,110,133,PASS,ML-KEM-1024
SAMD21G18,Cortex-M0+,38,256,32,5000,ML-KEM-1024,1192209,1346003,1580869,31373,35421,41601,250,283,332,PASS,UNSUPPORTED
STM32F407VGT6,Cortex-M4,134,1024,192,8000,ML-KEM-512,429312,511310,639674,3203,3815,4773,9,11,14,PASS,ML-KEM-768
RP2040,Cortex-M0+,106,2048,264,30000,ML-KEM-1024,1183494,1336164,1569313,11165,12605,14804,89,100,118,PASS,ML-KEM-1024
ESP32-C3,RISC-V RV32,176,4096,400,50000,ML-KEM-512,1820690,2168441,2712828,10344,12320,15413,51,61,77,PASS,ML-KEM-1024
i.MX RT1060,Cortex-M7,540,4096,1024,3000,ML-KEM-1024,1015229,1146193,1346193,1880,2122,2492,7,8,9,PASS,ML-KEM-1024
STM32F411CEU6,Cortex-M4,100,512,128,8000,ML-KEM-512,435184,518304,648424,4351,5183,6484,13,15,19,PASS,ML-KEM-512
MSP432P401R,Cortex-M4,43,256,64,5000,ML-KEM-1024,1128070,1273591,1495820,26234,29618,34786,131,148,173,PASS,UNSUPPORTED
STM32F072RBT6,Cortex-M0,38,128,16,15000,ML-KEM-768,OOM,OOM,OOM,OOM,OOM,OOM,111,130,157,OOM,UNSUPPORTED
MSP432P401R,Cortex-M4,57,256,64,10000,ML-KEM-1024,1110544,1253804,1472581,19483,21996,25834,97,109,129,PASS,UNSUPPORTED
SiFive HiFive1,RISC-V FE310,384,16384,16,5000,ML-KEM-1024,OOM,OOM,OOM,OOM,OOM,OOM,181,205,240,OOM,UNSUPPORTED
STM32H743VIT6,Cortex-M7,480,2048,1024,20000,ML-KEM-1024,1003580,1133041,1330747,2090,2360,2772,8,9,11,PASS,ML-KEM-1024
STM32H753ZIT6,Cortex-M7,480,2048,1024,15000,ML-KEM-768,636007,745400,899949,1325,1552,1874,2,3,3,PASS,ML-KEM-1024
ESP32-C3,RISC-V RV32,128,4096,400,30000,ML-KEM-768,3023679,3543751,4278505,23622,27685,33425,118,138,167,PASS,ML-KEM-512
STM32F407VGT6,Cortex-M4,151,1024,192,10000,ML-KEM-512,422467,503158,629475,2797,3332,4168,8,9,12,PASS,ML-KEM-1024
CH32V307,RISC-V RV32,129,256,64,15000,ML-KEM-768,3036254,3558489,4296299,23536,27585,33304,117,137,166,PASS,UNSUPPORTED
STM32F072RBT6,Cortex-M0,52,128,16,30000,ML-KEM-768,OOM,OOM,OOM,OOM,OOM,OOM,78,91,110,OOM,ML-KEM-512
STM32F411CEU6,Cortex-M4,100,512,128,8000,ML-KEM-512,431919,514415,643559,4319,5144,6435,12,15,19,PASS,ML-KEM-512
STM32F103C8T6,Cortex-M3,79,64,20,50000,ML-KEM-768,728918,854291,1031418,9226,10813,13055,36,43,52,PASS,ML-KEM-768
SAMD21G18,Cortex-M0+,52,256,32,20000,ML-KEM-512,480401,572157,715797,9238,11003,13765,46,55,68,PASS,ML-KEM-512
STM32F411CEU6,Cortex-M4,90,512,128,50000,ML-KEM-1024,1126693,1272036,1493994,12518,14133,16599,62,70,82,PASS,ML-KEM-1024
STM32H743VIT6,Cortex-M7,400,2048,1024,10000,ML-KEM-1024,1007697,1137689,1336206,2519,2844,3340,10,11,13,PASS,ML-KEM-1024
ESP32-C3,RISC-V RV32,160,4096,400,20000,ML-KEM-512,1876157,2234502,2795473,11725,13965,17471,58,69,87,PASS,ML-KEM-512
SAMD21G18,Cortex-M0+,43,256,32,10000,ML-KEM-512,487655,580797,726605,11340,13506,16897,56,67,84,PASS,UNSUPPORTED
i.MX RT1060,Cortex-M7,660,4096,1024,10000,ML-KEM-1024,1002900,1132274,1329845,1519,1715,2014,6,6,8,PASS,ML-KEM-1024
STM32F103C8T6,Cortex-M3,72,64,20,2000,ML-KEM-512,436983,520446,651104,6069,7228,9043,24,28,36,PASS,UNSUPPORTED
STM32H753ZIT6,Cortex-M7,384,2048,1024,5000,ML-KEM-512,381644,454538,568649,993,1183,1480,1,2,2,PASS,ML-KEM-1024
SAMD21G18,Cortex-M0+,52,256,32,2000,ML-KEM-512,477049,568165,710803,9174,10926,13669,45,54,68,PASS,UNSUPPORTED
STM32F072RBT6,Cortex-M0,52,128,16,8000,ML-KEM-768,OOM,OOM,OOM,OOM,OOM,OOM,79,93,112,OOM,UNSUPPORTED
ESP32-C3,RISC-V RV32,176,4096,400,15000,ML-KEM-768,3063947,3590945,4335485,17408,20403,24633,87,102,123,PASS,UNSUPPORTED
STM32F072RBT6,Cortex-M0,48,128,16,3000,ML-KEM-512,496652,591512,740011,10346,12323,15416,51,61,77,PASS,UNSUPPORTED
ESP32-C3,RISC-V RV32,176,4096,400,3000,ML-KEM-1024,4774292,5390175,6330711,27126,30625,35969,217,245,287,PASS,UNSUPPORTED
STM32F103C8T6,Cortex-M3,72,64,20,20000,ML-KEM-512,438270,521979,653022,6087,7249,9069,24,28,36,PASS,ML-KEM-768
ESP32-C3,RISC-V RV32,144,4096,400,20000,ML-KEM-768,3009254,3526845,4258094,20897,24491,29570,104,122,147,PASS,ML-KEM-512
STM32F072RBT6,Cortex-M0,43,128,16,30000,ML-KEM-1024,OOM,OOM,OOM,OOM,OOM,OOM,236,266,313,OOM,ML-KEM-512
STM32H753ZIT6,Cortex-M7,432,2048,1024,30000,ML-KEM-768,639608,749620,905045,1480,1735,2095,2,3,4,PASS,ML-KEM-1024
STM32F407VGT6,Cortex-M4,168,1024,192,5000,ML-KEM-1024,1123161,1268048,1489311,6685,7547,8864,33,37,44,PASS,ML-KEM-512
SiFive HiFive1,RISC-V FE310,384,16384,16,50000,ML-KEM-512,3337617,3975101,4973049,8691,10351,12950,43,51,64,PASS,ML-KEM-512
STM32H743VIT6,Cortex-M7,400,2048,1024,8000,ML-KEM-768,644842,755754,912451,1612,1889,2281,3,3,4,PASS,ML-KEM-1024
CH32V307,RISC-V RV32,129,256,64,3000,ML-KEM-512,1859835,2215063,2771154,14417,17171,21481,72,85,107,PASS,UNSUPPORTED
nRF52840,Cortex-M4,51,1024,256,5000,ML-KEM-768,711867,834308,1007291,13958,16358,19750,41,49,59,PASS,UNSUPPORTED
STM32F411CEU6,Cortex-M4,90,512,128,2000,ML-KEM-512,432486,515090,644404,4805,5723,7160,14,17,21,PASS,UNSUPPORTED
SiFive HiFive1,RISC-V FE310,352,16384,16,5000,ML-KEM-768,OOM,OOM,OOM,OOM,OOM,OOM,79,93,112,OOM,UNSUPPORTED
STM32F103C8T6,Cortex-M3,64,64,20,30000,ML-KEM-512,448309,533936,667980,7004,8342,10437,28,33,41,PASS,ML-KEM-768
nRF52840,Cortex-M4,51,1024,256,2000,ML-KEM-768,713566,836299,1009695,13991,16398,19797,41,49,59,PASS,UNSUPPORTED
SiFive HiFive1,RISC-V FE310,384,16384,16,3000,ML-KEM-512,3369240,4012764,5020167,8774,10449,13073,43,52,65,PASS,UNSUPPORTED
nRF52840,Cortex-M4,76,1024,256,15000,ML-KEM-768,716081,839246,1013254,9422,11042,13332,28,33,39,PASS,ML-KEM-768
STM32F072RBT6,Cortex-M0,52,128,16,15000,ML-KEM-1024,OOM,OOM,OOM,OOM,OOM,OOM,190,215,252,OOM,ML-KEM-512
ESP32-WROOM,Xtensa LX6,192,4096,520,30000,ML-KEM-1024,3640875,4110547,4827800,18962,21409,25144,151,171,201,PASS,ML-KEM-1024
STM32F407VGT6,Cortex-M4,201,1024,192,30000,ML-KEM-512,432238,514795,644034,2150,2561,3204,6,7,9,PASS,ML-KEM-1024
STM32H753ZIT6,Cortex-M7,480,2048,1024,15000,ML-KEM-1024,996738,1125317,1321674,2076,2344,2753,8,9,11,PASS,ML-KEM-1024
CH32V307,RISC-V RV32,172,256,64,50000,ML-KEM-512,1818096,2165352,2708963,10570,12589,15749,52,62,78,PASS,ML-KEM-1024
SAMD21G18,Cortex-M0+,52,256,32,10000,ML-KEM-768,799328,936812,1131049,15371,18015,21750,76,90,108,PASS,UNSUPPORTED
MSP432P401R,Cortex-M4,38,256,64,50000,ML-KEM-768,716094,839262,1013273,18844,22085,26665,56,66,79,PASS,ML-KEM-1024
ESP32-WROOM,Xtensa LX6,192,4096,520,15000,ML-KEM-1024,3611862,4077792,4789329,18811,21238,24944,150,169,199,PASS,ML-KEM-512
SiFive HiFive1,RISC-V FE310,256,16384,16,50000,ML-KEM-768,OOM,OOM,OOM,OOM,OOM,OOM,106,125,151,OOM,ML-KEM-512
STM32H743VIT6,Cortex-M7,440,2048,1024,50000,ML-KEM-512,386740,460607,576242,878,1046,1309,1,2,2,PASS,ML-KEM-1024
nRF52840,Cortex-M4,70,1024,256,15000,ML-KEM-512,424126,505134,631947,6058,7216,9027,18,21,27,PASS,ML-KEM-768
STM32H743VIT6,Cortex-M7,320,2048,1024,2000,ML-KEM-512,380051,452640,566275,1187,1414,1769,2,2,3,PASS,ML-KEM-512
STM32F072RBT6,Cortex-M0,43,128,16,3000,ML-KEM-768,OOM,OOM,OOM,OOM,OOM,OOM,95,111,135,OOM,UNSUPPORTED
STM32F072RBT6,Cortex-M0,57,128,16,20000,ML-KEM-1024,OOM,OOM,OOM,OOM,OOM,OOM,176,199,233,OOM,ML-KEM-512
i.MX RT1060,Cortex-M7,720,4096,1024,10000,ML-KEM-512,382941,456082,570582,531,633,792,1,1,1,PASS,ML-KEM-1024
i.MX RT1060,Cortex-M7,480,4096,1024,2000,ML-KEM-512,387398,461391,577223,807,961,1202,1,1,2,PASS,ML-KEM-768
ESP32-WROOM,Xtensa LX6,192,4096,520,30000,ML-KEM-1024,3585862,4048438,4754853,18676,21085,24764,149,168,198,PASS,ML-KEM-1024
STM32H753ZIT6,Cortex-M7,528,2048,1024,15000,ML-KEM-1024,980367,1106834,1299966,1856,2096,2462,7,8,9,PASS,ML-KEM-1024
i.MX RT1060,Cortex-M7,600,4096,1024,50000,ML-KEM-512,388608,462832,579025,647,771,965,1,1,1,PASS,ML-KEM-1024
CH32V307,RISC-V RV32,144,256,64,3000,ML-KEM-512,1884083,2243942,2807283,13083,15582,19495,65,77,97,PASS,UNSUPPORTED
RP2040,Cortex-M0+,106,2048,264,8000,ML-KEM-1024,1199472,1354203,1590499,11315,12775,15004,90,102,120,PASS,ML-KEM-512
STM32F103C8T6,Cortex-M3,86,64,20,8000,ML-KEM-1024,OOM,OOM,OOM,OOM,OOM,OOM,80,91,106,OOM,ML-KEM-512
SAMD21G18,Cortex-M0+,57,256,32,50000,ML-KEM-768,805855,944462,1140284,14137,16569,20004,70,82,100,PASS,ML-KEM-1024
ESP32-C3,RISC-V RV32,192,4096,400,15000,ML-KEM-1024,4772107,5387708,6327813,24854,28060,32957,198,224,263,PASS,ML-KEM-512
STM32H743VIT6,Cortex-M7,440,2048,1024,3000,ML-KEM-512,389503,463898,580359,885,1054,1318,1,2,2,PASS,ML-KEM-768
STM32H753ZIT6,Cortex-M7,528,2048,1024,50000,ML-KEM-768,639001,748909,904186,1210,1418,1712,2,2,3,PASS,ML-KEM-1024
STM32H753ZIT6,Cortex-M7,576,2048,1024,30000,ML-KEM-768,645223,756201,912990,1120,1312,1585,2,2,3,PASS,ML-KEM-1024
STM32H753ZIT6,Cortex-M7,480,2048,1024,15000,ML-KEM-768,641710,752084,908019,1336,1566,1891,2,3,3,PASS,ML-KEM-1024
STM32F411CEU6,Cortex-M4,100,512,128,8000,ML-KEM-1024,1115031,1258869,1478531,11150,12588,14785,55,62,73,PASS,ML-KEM-512
STM32F411CEU6,Cortex-M4,120,512,128,10000,ML-KEM-768,722565,846846,1022429,6021,7057,8520,18,21,25,PASS,ML-KEM-768
MSP432P401R,Cortex-M4,52,256,64,2000,ML-KEM-1024,1092283,1233187,1448367,21005,23715,27853,105,118,139,PASS,UNSUPPORTED
STM32F407VGT6,Cortex-M4,201,1024,192,2000,ML-KEM-1024,1096754,1238235,1454295,5456,6160,7235,27,30,36,PASS,UNSUPPORTED
ESP32-WROOM,Xtensa LX6,240,4096,520,2000,ML-KEM-768,2375145,2783669,3360830,9896,11598,14003,49,57,70,PASS,UNSUPPORTED
STM32F103C8T6,Cortex-M3,72,64,20,2000,ML-KEM-1024,OOM,OOM,OOM,OOM,OOM,OOM,97,109,128,OOM,UNSUPPORTED
ESP32-WROOM,Xtensa LX6,288,4096,520,50000,ML-KEM-1024,3660317,4132497,4853580,12709,14348,16852,101,114,134,PASS,ML-KEM-1024
i.MX RT1060,Cortex-M7,540,4096,1024,3000,ML-KEM-512,384389,457807,572739,711,847,1060,1,1,2,PASS,ML-KEM-1024
SAMD21G18,Cortex-M0+,43,256,32,10000,ML-KEM-768,810436,949830,1146766,18847,22089,26668,94,110,133,PASS,UNSUPPORTED
STM32F103C8T6,Cortex-M3,64,64,20,10000,ML-KEM-768,720050,843898,1018870,11250,13185,15919,45,52,63,PASS,UNSUPPORTED
STM32F411CEU6,Cortex-M4,120,512,128,8000,ML-KEM-1024,1094177,1235325,1450878,9118,10294,12090,45,51,60,PASS,ML-KEM-512
nRF52840,Cortex-M4,70,1024,256,5000,ML-KEM-768,718707,842324,1016970,10267,12033,14528,30,36,43,PASS,UNSUPPORTED
SiFive HiFive1,RISC-V FE310,384,16384,16,3000,ML-KEM-1024,OOM,OOM,OOM,OOM,OOM,OOM,182,205,241,OOM,UNSUPPORTED
STM32F072RBT6,Cortex-M0,57,128,16,20000,ML-KEM-512,511297,608954,761832,8970,10683,13365,44,53,66,PASS,ML-KEM-512
ESP32-WROOM,Xtensa LX6,240,4096,520,15000,ML-KEM-768,2322219,2721640,3285939,9675,11340,13691,48,56,68,PASS,ML-KEM-768
CH32V307,RISC-V RV32,115,256,64,8000,ML-KEM-1024,4809211,5429599,6377013,41819,47213,55452,334,377,443,PASS,UNSUPPORTED
i.MX RT1060,Cortex-M7,480,4096,1024,20000,ML-KEM-512,381993,454953,569169,795,947,1185,1,1,2,PASS,ML-KEM-1024
STM32F072RBT6,Cortex-M0,48,128,16,50000,ML-KEM-1024,OOM,OOM,OOM,OOM,OOM,OOM,206,233,273,OOM,ML-KEM-512
STM32H753ZIT6,Cortex-M7,432,2048,1024,5000,ML-KEM-512,387673,461718,577632,897,1068,1337,1,2,2,PASS,ML-KEM-1024
STM32F411CEU6,Cortex-M4,110,512,128,50000,ML-KEM-512,426295,507717,635179,3875,4615,5774,11,13,17,PASS,ML-KEM-1024
STM32F407VGT6,Cortex-M4,184,1024,192,5000,ML-KEM-512,428262,510060,638110,2327,2772,3467,6,8,10,PASS,ML-KEM-512
MSP432P401R,Cortex-M4,57,256,64,2000,ML-KEM-1024,1108511,1251508,1469885,19447,21956,25787,97,109,128,PASS,UNSUPPORTED
RP2040,Cortex-M0+,146,2048,264,50000,ML-KEM-768,806740,945499,1141537,5525,6476,7818,27,32,39,PASS,ML-KEM-1024
SAMD21G18,Cortex-M0+,43,256,32,30000,ML-KEM-1024,1190448,1344015,1578534,27684,31256,36710,221,250,293,PASS,ML-KEM-768
STM32F411CEU6,Cortex-M4,120,512,128,8000,ML-KEM-1024,1118164,1262407,1482685,9318,10520,12355,46,52,61,PASS,ML-KEM-512
SiFive HiFive1,RISC-V FE310,384,16384,16,8000,ML-KEM-512,3313122,3945928,4936551,8627,10275,12855,43,51,64,PASS,UNSUPPORTED
